Customer_ID,Age,Age_Group,Annual_Income,Distance_From_Location,Dining_Frequency,Remote_Work_Frequency,Health_Consciousness_Score,Importance_Organic,Workspace_Need_Score,Interest_In_FF,Avg_Spending_Per_Visit,Priority_Taste_Quality,Priority_Price_Value,Priority_Location,Priority_Ambiance,Prefers_Organic_Coffee,Prefers_Cold_Brew,Prefers_Juices,Prefers_Smoothies
1,52,45-54,"$25,000-$49,999",3-5 miles,2-3 times per week,Rarely,2,3,1,1,18.14,3.94,3.06,3.61,3.5,1,1,0,1
2,37,35-44,"$150,000+",5-10 miles,2-3 times per week,"Yes, regularly (3+ days/week)",1,3,1,2,18.17,4.89,3.04,4.28,2.61,0,1,0,1
3,57,55-64,"$75,000-$99,999",1-3 miles,2-3 times per week,"No, never",1,4,2,5,20.06,3.69,3.54,4.2,2.89,0,1,1,1
4,42,35-44,"$50,000-$74,999",3-5 miles,2-3 times per week,"No, never",4,5,3,3,24.72,4.48,2.97,3.4,3.57,0,0,1,1
5,52,45-54,"$75,000-$99,999",3-5 miles,Rarely (once a month or less),Rarely,4,3,5,4,26.72,3.58,2.75,3.37,3.22,1,0,0,1
6,32,25-34,"$75,000-$99,999",1-3 miles,2-3 times per week,"Yes, regularly (3+ days/week)",1,2,5,2,15.1,4.17,2.75,3.34,3.1,0,1,1,0
7,52,45-54,"$50,000-$74,999",5-10 miles,2-3 times per week,"Yes, occasionally (1-2 days/week)",3,1,4,3,21.16,4.33,3.67,3.51,2.73,1,1,0,0
8,57,55-64,"$25,000-$49,999",5-10 miles,Rarely (once a month or less),"Yes, occasionally (1-2 days/week)",5,4,1,4,21.74,3.95,3.97,3.75,3.16,1,1,1,0
9,42,35-44,"$75,000-$99,999",3-5 miles,1-2 times per month,Rarely,5,3,4,1,18.71,4.18,3.14,3.66,3.66,1,1,1,1
10,37,35-44,"$75,000-$99,999",5-10 miles,2-3 times per week,"Yes, occasionally (1-2 days/week)",1,2,2,4,24.65,3.75,2.57,3.33,2.9,1,1,0,0
11,57,55-64,"$100,000-$149,999",5-10 miles,1-2 times per month,"No, never",1,3,5,3,22.43,3.96,2.75,3.2,2.51,1,0,0,0
12,57,55-64,"$75,000-$99,999",3-5 miles,2-3 times per week,"Yes, occasionally (1-2 days/week)",1,3,1,3,16.02,4.43,4.33,3.02,3.5,1,0,1,0
13,32,25-34,"$100,000-$149,999",5-10 miles,1-2 times per month,"Yes, regularly (3+ days/week)",3,5,2,1,23.49,3.95,3.49,3.23,3.96,1,0,1,0
14,47,45-54,"$75,000-$99,999",3-5 miles,Rarely (once a month or less),"Yes, occasionally (1-2 days/week)",4,5,2,4,19.02,4.85,3.41,4.06,3.41,1,1,0,1
15,42,35-44,"$75,000-$99,999",3-5 miles,1-2 times per month,"Yes, regularly (3+ days/week)",1,5,1,4,24.85,4.44,2.58,3.37,2.68,1,0,1,0
16,27,25-34,"$100,000-$149,999",3-5 miles,Daily,"Yes, occasionally (1-2 days/week)",1,2,2,1,13.22,4.16,3.96,3.7,2.98,1,0,1,1
17,57,55-64,"$75,000-$99,999",5-10 miles,2-3 times per week,"No, never",2,3,1,4,13.06,3.56,3.56,3.89,3.8,0,0,0,1
18,47,45-54,"$25,000-$49,999",Less than 1 mile,Daily,"Yes, regularly (3+ days/week)",3,1,1,1,22.03,4.25,2.9,4.33,2.85,1,1,0,0
19,27,25-34,"$25,000-$49,999",5-10 miles,2-3 times per week,"No, never",1,4,3,2,20.25,4.65,2.72,4.33,3.41,1,1,0,1
20,42,35-44,"$100,000-$149,999",5-10 miles,1-2 times per month,"Yes, occasionally (1-2 days/week)",2,5,4,3,21.68,3.9,3.27,4.12,3.1,0,1,1,1
21,22,18-24,"$75,000-$99,999",Less than 1 mile,2-3 times per week,"No, never",5,5,2,2,18.32,4.71,4.17,3.05,2.81,0,0,1,0
22,47,45-54,"$100,000-$149,999",5-10 miles,2-3 times per week,"No, never",1,3,2,5,16.21,3.88,4.23,3.86,3.72,0,1,1,0
23,62,55-64,"$50,000-$74,999",Less than 1 mile,2-3 times per week,Rarely,1,3,3,5,18.99,4.74,3.71,4.18,3.61,1,1,1,0
24,22,18-24,"$25,000-$49,999",1-3 miles,Rarely (once a month or less),Rarely,2,2,3,5,16.25,3.63,3.96,3.03,3.49,0,1,1,1
25,32,25-34,"$25,000-$49,999",3-5 miles,2-3 times per week,"Yes, occasionally (1-2 days/week)",3,2,3,1,27.59,4.8,2.73,3.82,2.85,1,0,1,1
26,52,45-54,"$50,000-$74,999",Less than 1 mile,1-2 times per month,"Yes, occasionally (1-2 days/week)",1,5,5,4,12.81,4.25,3.68,4.29,2.65,0,1,1,0
27,37,35-44,"$75,000-$99,999",5-10 miles,1-2 times per month,"No, never",5,3,5,2,24.81,3.94,3.83,3.71,3.36,0,1,0,0
28,62,55-64,"$50,000-$74,999",5-10 miles,2-3 times per week,"No, never",1,1,5,2,21.87,3.9,2.9,3.01,3.33,1,0,1,0
29,32,25-34,"$75,000-$99,999",3-5 miles,2-3 times per week,"Yes, occasionally (1-2 days/week)",5,4,1,2,21.43,4.15,4.26,3.02,2.78,0,0,1,1
30,42,35-44,"$150,000+",Less than 1 mile,1-2 times per month,Rarely,4,3,2,2,30.36,5.0,2.89,3.62,2.58,1,0,1,0
31,32,25-34,"$50,000-$74,999",1-3 miles,1-2 times per month,"Yes, occasionally (1-2 days/week)",4,3,4,5,28.44,3.83,3.13,3.23,2.62,0,1,0,1
32,52,45-54,"$75,000-$99,999",3-5 miles,2-3 times per week,"Yes, occasionally (1-2 days/week)",5,2,1,2,20.36,3.65,3.74,4.0,3.99,1,0,1,0
33,42,35-44,"$100,000-$149,999",More than 10 miles,2-3 times per week,"Yes, regularly (3+ days/week)",3,4,2,4,28.26,4.38,3.78,4.06,3.68,0,0,1,1
34,62,55-64,"$50,000-$74,999",3-5 miles,Daily,"Yes, occasionally (1-2 days/week)",1,5,2,5,19.8,4.23,3.9,3.27,3.88,0,0,0,1
35,52,45-54,"$75,000-$99,999",1-3 miles,Daily,Rarely,1,3,3,2,15.99,4.29,2.72,4.33,2.79,1,1,1,1
36,27,25-34,"$100,000-$149,999",3-5 miles,2-3 times per week,"Yes, occasionally (1-2 days/week)",4,5,3,1,22.46,4.5,4.2,3.66,3.94,1,1,0,0
37,37,35-44,"$150,000+",3-5 miles,1-2 times per month,Rarely,5,3,1,3,27.18,3.9,3.57,3.21,2.71,0,1,1,1
38,62,55-64,"$25,000-$49,999",5-10 miles,2-3 times per week,Rarely,1,5,3,3,22.38,4.87,3.44,4.15,3.26,1,1,1,0
39,27,25-34,"$150,000+",Less than 1 mile,2-3 times per week,"Yes, regularly (3+ days/week)",1,4,2,3,28.44,4.15,4.46,4.18,3.74,1,0,1,0
40,62,55-64,"$75,000-$99,999",5-10 miles,1-2 times per month,Rarely,3,2,3,5,26.99,3.69,3.98,3.96,3.02,0,1,0,1
41,42,35-44,"$50,000-$74,999",3-5 miles,2-3 times per week,"Yes, regularly (3+ days/week)",2,4,5,2,27.79,4.61,2.74,4.28,3.14,0,1,0,1
42,27,25-34,"$75,000-$99,999",More than 10 miles,Rarely (once a month or less),"Yes, regularly (3+ days/week)",4,1,3,5,27.87,4.46,4.01,4.11,2.69,1,0,1,1
43,37,35-44,"$150,000+",1-3 miles,Daily,"Yes, regularly (3+ days/week)",4,2,2,4,30.02,3.97,2.69,4.32,2.68,1,1,0,0
44,52,45-54,"$75,000-$99,999",3-5 miles,2-3 times per week,"Yes, regularly (3+ days/week)",2,4,1,1,18.09,4.43,2.55,3.65,3.43,1,1,1,1
45,57,55-64,"$50,000-$74,999",More than 10 miles,2-3 times per week,Rarely,1,1,4,1,19.67,3.83,3.31,4.12,3.51,1,1,0,1
46,32,25-34,"$75,000-$99,999",Less than 1 mile,2-3 times per week,Rarely,3,3,3,3,15.12,4.17,4.49,4.5,3.67,1,0,1,1
47,22,18-24,"$50,000-$74,999",More than 10 miles,Daily,"Yes, occasionally (1-2 days/week)",3,3,2,3,25.67,4.85,2.85,4.09,3.34,0,1,1,1
48,37,35-44,"$25,000-$49,999",3-5 miles,2-3 times per week,Rarely,4,5,4,3,22.69,3.7,3.85,3.17,3.47,0,1,0,1
49,27,25-34,"$25,000-$49,999",Less than 1 mile,2-3 times per week,"Yes, occasionally (1-2 days/week)",3,2,4,2,14.8,4.08,2.85,3.78,2.52,0,0,1,0
50,57,55-64,"$25,000-$49,999",1-3 miles,Rarely (once a month or less),"Yes, occasionally (1-2 days/week)",2,3,5,4,13.94,4.73,3.95,3.88,2.74,1,0,1,1
51,37,35-44,"$50,000-$74,999",3-5 miles,2-3 times per week,"Yes, occasionally (1-2 days/week)",1,2,4,4,17.31,4.95,3.51,3.26,3.98,1,0,1,1
52,27,25-34,"$25,000-$49,999",Less than 1 mile,1-2 times per month,Rarely,2,3,2,4,21.75,4.18,3.86,4.44,2.61,1,1,0,1
53,47,45-54,"$75,000-$99,999",3-5 miles,2-3 times per week,"No, never",5,5,2,4,24.46,4.26,2.91,3.26,3.52,1,1,1,0
54,47,45-54,"$50,000-$74,999",1-3 miles,2-3 times per week,Rarely,4,4,3,3,25.29,4.36,3.99,3.27,2.76,1,0,0,0
55,37,35-44,"$50,000-$74,999",3-5 miles,2-3 times per week,"No, never",3,5,3,1,21.7,4.9,4.49,4.37,3.58,1,0,0,0
56,47,45-54,"$100,000-$149,999",Less than 1 mile,Rarely (once a month or less),"Yes, regularly (3+ days/week)",5,1,3,3,27.43,4.79,3.83,3.7,3.56,0,0,0,1
57,27,25-34,"$75,000-$99,999",5-10 miles,Rarely (once a month or less),Rarely,3,3,4,4,17.79,3.76,3.49,3.09,2.85,1,1,1,1
58,27,25-34,"$75,000-$99,999",More than 10 miles,2-3 times per week,"No, never",1,1,4,3,13.19,4.16,4.35,3.9,2.9,1,0,0,0
59,37,35-44,"$50,000-$74,999",More than 10 miles,Rarely (once a month or less),"No, never",1,1,5,4,20.45,4.2,2.53,3.9,3.48,0,1,1,1
60,57,55-64,"$50,000-$74,999",3-5 miles,Rarely (once a month or less),"Yes, occasionally (1-2 days/week)",1,2,3,5,18.77,4.68,3.96,3.1,3.09,1,1,0,1
61,52,45-54,"$25,000-$49,999",Less than 1 mile,Rarely (once a month or less),"Yes, occasionally (1-2 days/week)",3,3,1,1,14.9,4.4,4.28,4.46,2.79,1,1,0,1
62,62,55-64,"$50,000-$74,999",5-10 miles,Daily,Rarely,5,1,5,5,23.21,4.48,2.62,3.82,3.6,0,0,1,0
63,57,55-64,"$50,000-$74,999",Less than 1 mile,2-3 times per week,"No, never",1,4,1,2,13.09,5.0,3.4,3.84,2.73,0,0,0,1
64,42,35-44,"$50,000-$74,999",Less than 1 mile,1-2 times per month,Rarely,5,1,4,3,25.47,3.61,2.91,3.78,3.78,1,1,1,0
65,27,25-34,"$25,000-$49,999",1-3 miles,1-2 times per month,Rarely,3,4,5,2,20.44,3.83,3.63,3.92,3.27,1,0,0,1
66,42,35-44,"$25,000-$49,999",1-3 miles,1-2 times per month,"Yes, occasionally (1-2 days/week)",5,2,5,3,26.7,4.11,3.8,3.4,2.66,1,0,0,0
67,57,55-64,"$75,000-$99,999",5-10 miles,2-3 times per week,"Yes, occasionally (1-2 days/week)",3,1,2,5,26.58,4.02,3.11,3.43,3.54,0,1,0,0
68,62,55-64,"$50,000-$74,999",3-5 miles,2-3 times per week,Rarely,3,5,4,4,19.0,3.53,3.42,3.77,3.28,0,1,0,1
69,62,55-64,"$50,000-$74,999",1-3 miles,1-2 times per month,"No, never",4,2,4,4,30.43,3.64,3.06,4.21,2.95,0,0,0,0
70,22,18-24,"$75,000-$99,999",1-3 miles,1-2 times per month,"Yes, regularly (3+ days/week)",3,4,5,3,22.53,4.52,3.24,3.07,3.13,0,0,1,0
71,62,55-64,"$75,000-$99,999",More than 10 miles,Rarely (once a month or less),"Yes, occasionally (1-2 days/week)",3,2,4,4,23.77,4.82,2.82,3.91,2.95,0,0,1,1
72,52,45-54,"$25,000-$49,999",1-3 miles,2-3 times per week,"Yes, occasionally (1-2 days/week)",2,1,5,5,23.21,4.27,4.27,4.21,2.89,1,1,1,1
73,62,55-64,"$100,000-$149,999",1-3 miles,2-3 times per week,"No, never",1,3,2,4,21.5,4.31,2.52,3.24,2.75,0,0,1,1
74,57,55-64,"$75,000-$99,999",Less than 1 mile,1-2 times per month,"Yes, occasionally (1-2 days/week)",4,3,5,5,23.66,3.88,4.26,3.02,3.04,1,0,1,0
75,22,18-24,"$25,000-$49,999",5-10 miles,Rarely (once a month or less),"No, never",4,4,4,2,22.43,4.65,3.64,3.47,2.88,0,1,1,0
76,57,55-64,"$100,000-$149,999",3-5 miles,Rarely (once a month or less),"Yes, occasionally (1-2 days/week)",4,4,4,5,16.81,4.63,3.16,3.88,3.53,0,0,0,0
77,57,55-64,"$150,000+",1-3 miles,Daily,"Yes, regularly (3+ days/week)",2,3,5,1,18.33,4.38,3.95,3.21,3.53,1,0,0,0
78,32,25-34,"$25,000-$49,999",Less than 1 mile,1-2 times per month,Rarely,3,4,5,1,19.87,3.82,3.52,3.64,3.25,1,0,0,1
79,22,18-24,"$50,000-$74,999",3-5 miles,2-3 times per week,"No, never",1,2,5,1,16.5,3.65,3.5,3.83,3.67,1,0,0,0
80,57,55-64,"$100,000-$149,999",3-5 miles,2-3 times per week,"No, never",5,5,3,3,23.32,3.6,2.72,3.9,3.76,1,0,0,0
81,32,25-34,"$100,000-$149,999",1-3 miles,1-2 times per month,Rarely,3,5,4,3,16.58,4.39,3.28,3.41,3.37,0,0,1,0
82,32,25-34,"$50,000-$74,999",More than 10 miles,1-2 times per month,"No, never",2,2,4,3,24.07,4.74,2.98,3.6,3.43,1,1,0,0
83,22,18-24,"$50,000-$74,999",Less than 1 mile,1-2 times per month,"No, never",3,5,3,5,27.35,4.79,2.53,4.17,2.92,0,0,1,1
84,42,35-44,"$50,000-$74,999",1-3 miles,2-3 times per week,"Yes, regularly (3+ days/week)",3,1,5,3,28.58,4.2,3.22,4.41,3.84,1,1,0,1
85,52,45-54,"$75,000-$99,999",More than 10 miles,2-3 times per week,"Yes, occasionally (1-2 days/week)",2,2,2,2,20.39,4.68,2.68,4.29,2.54,0,1,0,0
86,62,55-64,"$75,000-$99,999",1-3 miles,2-3 times per week,Rarely,4,4,5,1,26.51,4.92,3.01,3.85,3.02,1,1,1,0
87,52,45-54,"$50,000-$74,999",3-5 miles,2-3 times per week,"Yes, regularly (3+ days/week)",4,2,5,5,28.83,3.91,2.69,3.62,3.58,0,0,1,0
88,62,55-64,"$75,000-$99,999",1-3 miles,Rarely (once a month or less),"No, never",1,3,3,1,17.77,4.1,2.7,3.5,2.62,1,0,0,1
89,57,55-64,"$100,000-$149,999",1-3 miles,Daily,"Yes, regularly (3+ days/week)",1,4,4,3,16.14,4.9,2.9,3.19,2.77,1,1,1,1
90,27,25-34,"$25,000-$49,999",More than 10 miles,2-3 times per week,Rarely,4,3,5,5,30.05,4.01,4.5,3.16,3.38,1,1,1,0
91,22,18-24,"$50,000-$74,999",1-3 miles,1-2 times per month,"Yes, regularly (3+ days/week)",5,4,4,4,25.24,4.87,2.5,4.03,3.34,1,1,1,0
92,52,45-54,"$100,000-$149,999",5-10 miles,Daily,"Yes, occasionally (1-2 days/week)",3,5,1,2,21.96,4.97,3.78,3.39,3.61,1,0,0,1
93,52,45-54,"$100,000-$149,999",1-3 miles,2-3 times per week,"Yes, regularly (3+ days/week)",5,2,4,3,20.18,4.49,2.78,3.38,3.72,1,1,1,1
94,57,55-64,"$75,000-$99,999",1-3 miles,2-3 times per week,"Yes, regularly (3+ days/week)",3,1,2,3,16.12,4.73,4.34,4.5,2.69,0,0,1,1
95,42,35-44,"$75,000-$99,999",Less than 1 mile,2-3 times per week,Rarely,4,4,2,2,28.63,4.62,2.69,3.28,2.53,0,0,0,0
96,32,25-34,"$25,000-$49,999",3-5 miles,2-3 times per week,"Yes, regularly (3+ days/week)",1,4,5,2,20.71,4.55,4.41,3.22,3.53,1,0,1,0
97,57,55-64,"$75,000-$99,999",1-3 miles,2-3 times per week,Rarely,1,3,4,4,16.39,3.96,3.72,3.15,2.95,1,0,0,0
98,47,45-54,"$75,000-$99,999",5-10 miles,1-2 times per month,Rarely,5,5,5,3,20.38,3.59,2.5,3.87,3.44,0,1,1,1
99,32,25-34,"$50,000-$74,999",1-3 miles,1-2 times per month,Rarely,1,3,3,3,19.83,4.01,4.29,3.94,2.73,0,1,0,1
100,22,18-24,"$50,000-$74,999",More than 10 miles,Daily,"Yes, occasionally (1-2 days/week)",4,3,2,1,24.76,4.5,3.54,3.55,3.2,1,1,1,0
101,32,25-34,"$50,000-$74,999",Less than 1 mile,1-2 times per month,"No, never",5,5,5,5,20.6,3.65,3.03,3.8,3.26,0,1,1,0
102,42,35-44,"$25,000-$49,999",5-10 miles,1-2 times per month,"Yes, occasionally (1-2 days/week)",3,1,3,5,27.27,3.52,4.03,4.18,3.38,0,1,0,0
103,32,25-34,"$50,000-$74,999",5-10 miles,2-3 times per week,"Yes, occasionally (1-2 days/week)",1,3,5,1,12.76,3.71,4.35,4.23,3.27,0,1,0,0
104,22,18-24,"$50,000-$74,999",5-10 miles,2-3 times per week,"Yes, regularly (3+ days/week)",2,3,4,5,18.34,4.57,3.47,4.44,3.24,1,0,1,0
105,42,35-44,"$50,000-$74,999",5-10 miles,2-3 times per week,"Yes, regularly (3+ days/week)",1,4,4,2,21.71,4.96,3.13,4.24,3.0,0,1,1,1
106,52,45-54,"$25,000-$49,999",5-10 miles,Daily,Rarely,3,5,4,5,18.61,4.97,4.08,3.85,2.61,1,0,0,0
107,52,45-54,"$100,000-$149,999",3-5 miles,1-2 times per month,Rarely,5,2,4,5,29.92,4.24,3.86,3.27,2.63,0,0,0,0
108,62,55-64,"$75,000-$99,999",Less than 1 mile,1-2 times per month,Rarely,3,1,1,1,25.6,4.8,4.28,3.15,3.15,1,0,1,1
109,32,25-34,"$75,000-$99,999",Less than 1 mile,1-2 times per month,"No, never",2,1,3,4,24.84,4.61,3.89,3.08,3.03,1,0,1,0
110,52,45-54,"$100,000-$149,999",More than 10 miles,Daily,"No, never",4,5,3,5,17.79,4.25,2.99,4.0,3.27,0,1,0,0
111,22,18-24,"$75,000-$99,999",3-5 miles,2-3 times per week,Rarely,1,4,4,5,13.61,4.36,4.36,4.21,2.96,1,1,1,0
112,37,35-44,"$25,000-$49,999",5-10 miles,1-2 times per month,Rarely,5,4,1,4,21.8,3.71,2.71,3.76,3.53,0,0,1,1
113,37,35-44,"$75,000-$99,999",1-3 miles,2-3 times per week,"Yes, regularly (3+ days/week)",4,5,4,1,23.77,4.91,3.04,3.08,3.8,0,1,0,1
114,42,35-44,"$75,000-$99,999",Less than 1 mile,Daily,"Yes, occasionally (1-2 days/week)",3,4,1,4,25.72,4.03,3.54,3.8,2.95,1,1,0,0
115,52,45-54,"$100,000-$149,999",Less than 1 mile,2-3 times per week,Rarely,5,1,4,1,30.05,4.17,3.63,4.4,2.79,0,1,0,1
116,52,45-54,"$75,000-$99,999",3-5 miles,Daily,"Yes, occasionally (1-2 days/week)",4,1,2,2,26.57,4.51,2.53,3.9,2.67,1,1,1,0
117,37,35-44,"$25,000-$49,999",1-3 miles,1-2 times per month,"No, never",5,2,2,1,31.43,4.0,4.06,4.21,3.42,0,0,1,1
118,52,45-54,"$50,000-$74,999",1-3 miles,2-3 times per week,Rarely,2,5,5,2,24.08,3.88,3.22,4.2,3.17,0,1,1,1
119,32,25-34,"$50,000-$74,999",1-3 miles,2-3 times per week,"Yes, occasionally (1-2 days/week)",2,3,4,2,17.59,4.45,3.31,4.4,2.78,0,1,0,1
120,47,45-54,"$75,000-$99,999",Less than 1 mile,2-3 times per week,"Yes, occasionally (1-2 days/week)",1,3,3,1,15.48,3.54,4.12,4.16,3.48,1,1,0,0
121,27,25-34,"$75,000-$99,999",3-5 miles,2-3 times per week,Rarely,1,2,5,3,21.94,4.58,3.26,4.12,2.72,1,1,1,1
122,62,55-64,"$50,000-$74,999",1-3 miles,2-3 times per week,"Yes, regularly (3+ days/week)",2,2,2,1,15.89,4.27,2.59,3.35,3.33,1,1,0,1
123,42,35-44,"$150,000+",5-10 miles,2-3 times per week,"Yes, regularly (3+ days/week)",5,4,4,5,23.89,4.41,2.85,3.09,3.29,0,1,1,1
124,47,45-54,"$75,000-$99,999",1-3 miles,1-2 times per month,"Yes, occasionally (1-2 days/week)",2,2,5,5,20.98,4.45,4.41,3.78,3.6,0,0,1,1
125,37,35-44,"$50,000-$74,999",1-3 miles,2-3 times per week,"Yes, occasionally (1-2 days/week)",1,2,4,3,23.82,4.29,2.64,3.19,2.58,1,0,0,0
126,52,45-54,"$25,000-$49,999",Less than 1 mile,Daily,"Yes, occasionally (1-2 days/week)",2,3,2,2,14.52,4.37,3.21,4.44,3.83,1,0,0,0
127,62,55-64,"$50,000-$74,999",Less than 1 mile,Daily,"No, never",2,4,5,3,24.88,4.53,3.51,3.43,3.55,0,1,0,0
128,52,45-54,"$50,000-$74,999",1-3 miles,Rarely (once a month or less),Rarely,5,2,2,5,29.67,4.63,3.49,4.28,2.82,1,0,0,0
129,22,18-24,"$50,000-$74,999",1-3 miles,1-2 times per month,"No, never",4,2,1,3,23.23,4.59,2.51,3.58,2.78,0,1,1,1
130,22,18-24,"$50,000-$74,999",3-5 miles,1-2 times per month,"Yes, occasionally (1-2 days/week)",1,4,2,1,12.36,4.8,3.5,3.48,3.15,1,1,0,1
131,62,55-64,"$50,000-$74,999",1-3 miles,2-3 times per week,"Yes, occasionally (1-2 days/week)",5,5,4,3,20.12,3.78,3.27,4.4,3.73,1,1,0,1
132,62,55-64,"$50,000-$74,999",3-5 miles,2-3 times per week,"No, never",2,4,3,2,23.61,4.1,4.44,3.54,3.76,1,1,1,0
133,37,35-44,"$100,000-$149,999",5-10 miles,1-2 times per month,"Yes, regularly (3+ days/week)",2,3,2,1,23.68,4.92,2.82,3.59,3.28,1,1,0,0
134,62,55-64,"$25,000-$49,999",5-10 miles,2-3 times per week,"Yes, regularly (3+ days/week)",4,5,3,4,29.48,4.09,3.21,3.16,3.79,0,1,1,1
135,32,25-34,"$75,000-$99,999",Less than 1 mile,2-3 times per week,"Yes, occasionally (1-2 days/week)",1,1,1,5,20.24,3.69,3.34,4.01,2.51,1,1,0,0
136,52,45-54,"$75,000-$99,999",1-3 miles,2-3 times per week,"Yes, occasionally (1-2 days/week)",1,4,5,5,13.36,4.29,3.28,3.43,2.55,1,1,0,0
137,47,45-54,"$150,000+",Less than 1 mile,2-3 times per week,"Yes, regularly (3+ days/week)",3,3,5,3,21.32,3.66,3.83,3.88,3.87,0,0,0,1
138,57,55-64,"$25,000-$49,999",1-3 miles,2-3 times per week,"No, never",1,5,3,1,22.32,3.8,2.93,3.89,3.66,1,0,0,1
139,62,55-64,"$50,000-$74,999",More than 10 miles,2-3 times per week,"Yes, regularly (3+ days/week)",4,4,5,4,18.76,5.0,2.94,4.08,3.18,1,0,1,0
140,42,35-44,"$150,000+",Less than 1 mile,1-2 times per month,"No, never",3,2,2,1,24.43,4.31,3.96,4.12,3.63,1,1,1,1
141,22,18-24,"$100,000-$149,999",1-3 miles,2-3 times per week,"Yes, regularly (3+ days/week)",3,4,3,5,21.81,3.93,3.5,3.77,3.93,0,1,0,1
142,32,25-34,"$100,000-$149,999",3-5 miles,2-3 times per week,Rarely,2,1,4,1,13.37,4.99,3.33,3.5,3.66,1,1,0,1
143,57,55-64,"$50,000-$74,999",3-5 miles,Daily,"Yes, regularly (3+ days/week)",2,4,2,4,16.73,4.95,2.84,4.26,3.76,1,0,0,1
144,47,45-54,"$50,000-$74,999",3-5 miles,2-3 times per week,"Yes, regularly (3+ days/week)",1,5,2,3,17.62,4.16,2.88,3.46,3.64,0,1,0,0
145,57,55-64,"$75,000-$99,999",Less than 1 mile,2-3 times per week,"No, never",3,5,2,2,18.69,3.89,2.52,3.76,2.75,1,1,0,1
146,62,55-64,"$150,000+",1-3 miles,1-2 times per month,"Yes, occasionally (1-2 days/week)",2,4,4,1,20.05,4.76,2.68,3.6,3.75,1,0,1,0
147,37,35-44,"$75,000-$99,999",3-5 miles,2-3 times per week,"Yes, regularly (3+ days/week)",4,5,1,2,26.92,4.57,3.61,4.28,2.79,1,1,1,0
148,22,18-24,"$75,000-$99,999",Less than 1 mile,Rarely (once a month or less),"Yes, occasionally (1-2 days/week)",2,2,5,5,25.2,4.53,4.28,3.65,3.84,0,1,0,1
149,22,18-24,"$50,000-$74,999",1-3 miles,1-2 times per month,"Yes, regularly (3+ days/week)",2,4,3,3,16.86,4.84,3.07,3.58,3.19,1,1,1,1
150,37,35-44,"$100,000-$149,999",Less than 1 mile,2-3 times per week,"Yes, occasionally (1-2 days/week)",3,2,1,3,26.12,4.53,3.16,4.03,3.52,1,1,1,1
151,52,45-54,"$50,000-$74,999",Less than 1 mile,Daily,Rarely,3,2,3,1,20.28,3.93,2.73,3.9,3.25,1,0,0,1
152,27,25-34,"$50,000-$74,999",1-3 miles,Rarely (once a month or less),Rarely,5,3,5,3,25.1,4.54,3.28,3.16,2.64,1,1,1,1
153,32,25-34,"$75,000-$99,999",Less than 1 mile,2-3 times per week,"No, never",4,4,4,1,28.84,3.96,2.57,3.76,2.94,0,1,1,1
154,22,18-24,"$75,000-$99,999",3-5 miles,2-3 times per week,"Yes, regularly (3+ days/week)",3,5,2,1,25.75,4.64,4.34,4.1,3.98,0,1,0,0
155,42,35-44,"$50,000-$74,999",3-5 miles,1-2 times per month,Rarely,1,2,2,2,23.58,4.43,3.85,4.49,3.94,1,0,1,0
156,22,18-24,"$25,000-$49,999",5-10 miles,2-3 times per week,"Yes, occasionally (1-2 days/week)",4,3,4,3,18.05,3.62,4.48,3.94,2.98,0,1,0,0
157,57,55-64,"$75,000-$99,999",1-3 miles,2-3 times per week,"Yes, occasionally (1-2 days/week)",4,4,1,1,17.05,4.27,4.27,3.56,3.99,1,1,0,0
158,22,18-24,"$50,000-$74,999",Less than 1 mile,2-3 times per week,"Yes, occasionally (1-2 days/week)",3,4,1,2,27.9,4.01,3.45,3.34,3.77,0,1,1,0
159,22,18-24,"$75,000-$99,999",Less than 1 mile,1-2 times per month,"Yes, regularly (3+ days/week)",4,1,3,4,21.82,3.99,3.54,4.31,3.42,1,0,0,1
160,27,25-34,"$50,000-$74,999",3-5 miles,1-2 times per month,"Yes, regularly (3+ days/week)",3,1,4,2,18.82,4.4,2.88,4.22,2.56,0,1,0,1
161,27,25-34,"$75,000-$99,999",3-5 miles,2-3 times per week,Rarely,2,2,1,2,23.87,3.98,3.42,3.35,3.85,1,1,0,1
162,47,45-54,"$75,000-$99,999",Less than 1 mile,2-3 times per week,"Yes, regularly (3+ days/week)",5,1,4,1,30.05,4.67,4.31,3.3,3.34,0,1,1,1
163,52,45-54,"$25,000-$49,999",More than 10 miles,Rarely (once a month or less),"Yes, regularly (3+ days/week)",2,2,5,5,25.94,3.61,2.6,4.07,3.8,0,0,1,1
164,42,35-44,"$50,000-$74,999",Less than 1 mile,2-3 times per week,"Yes, occasionally (1-2 days/week)",3,5,2,5,19.24,4.49,4.23,3.47,3.75,0,0,1,0
165,22,18-24,"$25,000-$49,999",3-5 miles,Rarely (once a month or less),"Yes, regularly (3+ days/week)",3,2,2,5,27.28,4.71,3.18,3.46,3.75,1,1,1,0
166,22,18-24,"$25,000-$49,999",3-5 miles,2-3 times per week,"No, never",2,1,2,2,13.61,4.51,4.3,3.23,3.55,0,0,0,0
167,32,25-34,"$150,000+",5-10 miles,1-2 times per month,"No, never",1,5,4,1,17.24,4.25,4.38,3.4,2.94,0,0,0,1
168,27,25-34,"$50,000-$74,999",3-5 miles,Daily,"Yes, regularly (3+ days/week)",1,1,4,3,20.85,4.93,3.84,3.64,3.0,0,0,1,0
169,42,35-44,"$100,000-$149,999",5-10 miles,1-2 times per month,Rarely,1,2,3,2,12.45,3.95,3.83,4.1,2.96,1,1,1,1
170,47,45-54,"$50,000-$74,999",1-3 miles,1-2 times per month,"Yes, regularly (3+ days/week)",3,3,2,2,19.37,3.53,3.41,3.5,2.53,0,1,0,1
171,52,45-54,"$75,000-$99,999",5-10 miles,1-2 times per month,"Yes, regularly (3+ days/week)",4,4,3,1,26.09,4.15,4.17,3.49,3.37,0,0,0,0
172,37,35-44,"$100,000-$149,999",Less than 1 mile,1-2 times per month,"No, never",3,1,2,4,19.56,3.55,4.42,3.43,3.55,0,0,1,0
173,52,45-54,"$75,000-$99,999",5-10 miles,Daily,"Yes, regularly (3+ days/week)",4,2,3,2,18.69,4.93,4.05,3.72,3.78,1,1,1,0
174,57,55-64,"$75,000-$99,999",3-5 miles,Daily,Rarely,2,5,3,4,17.22,3.81,3.74,3.27,2.71,1,1,1,0
175,22,18-24,"$75,000-$99,999",5-10 miles,1-2 times per month,"Yes, occasionally (1-2 days/week)",5,1,5,4,24.36,4.68,3.71,3.73,3.32,1,0,0,1
176,47,45-54,"$50,000-$74,999",1-3 miles,2-3 times per week,"Yes, occasionally (1-2 days/week)",4,1,3,5,23.13,4.66,4.2,4.06,2.51,1,0,1,1
177,57,55-64,"$150,000+",3-5 miles,2-3 times per week,"Yes, regularly (3+ days/week)",1,4,4,1,28.25,3.83,3.58,3.04,2.64,1,1,1,1
178,42,35-44,"$100,000-$149,999",3-5 miles,Daily,"No, never",3,2,3,4,25.75,4.43,4.11,3.01,2.58,0,1,1,1
179,37,35-44,"$150,000+",3-5 miles,2-3 times per week,"Yes, occasionally (1-2 days/week)",2,3,2,1,24.85,3.57,3.52,3.11,3.59,1,1,1,1
180,27,25-34,"$25,000-$49,999",Less than 1 mile,1-2 times per month,"Yes, occasionally (1-2 days/week)",1,5,3,5,24.19,4.23,2.62,3.8,2.62,1,1,1,1
181,47,45-54,"$100,000-$149,999",Less than 1 mile,2-3 times per week,"Yes, occasionally (1-2 days/week)",2,2,1,1,14.71,3.52,3.27,4.28,3.57,1,0,1,0
182,47,45-54,"$150,000+",1-3 miles,2-3 times per week,"Yes, occasionally (1-2 days/week)",5,5,2,2,26.33,4.88,3.39,3.01,2.87,1,1,1,1
183,22,18-24,"$50,000-$74,999",Less than 1 mile,Rarely (once a month or less),"No, never",3,1,1,4,26.92,4.96,2.78,4.4,3.82,1,0,1,0
184,62,55-64,"$25,000-$49,999",5-10 miles,2-3 times per week,Rarely,3,4,2,1,20.17,3.83,2.7,3.16,3.72,1,1,1,0
185,47,45-54,"$100,000-$149,999",1-3 miles,1-2 times per month,Rarely,5,4,4,3,32.22,3.81,3.57,4.26,3.94,1,0,0,0
186,32,25-34,"$75,000-$99,999",More than 10 miles,2-3 times per week,"Yes, regularly (3+ days/week)",3,3,4,1,21.49,4.63,2.67,3.72,3.83,0,1,1,1
187,37,35-44,"$100,000-$149,999",1-3 miles,Rarely (once a month or less),Rarely,4,4,4,4,27.88,3.88,3.11,3.99,3.9,0,1,1,0
188,37,35-44,"$25,000-$49,999",Less than 1 mile,2-3 times per week,"No, never",2,1,1,5,19.03,4.84,3.99,3.77,3.79,0,0,1,0
189,32,25-34,"$100,000-$149,999",5-10 miles,2-3 times per week,"Yes, regularly (3+ days/week)",1,3,5,5,17.87,4.36,4.43,3.72,3.54,0,1,0,1
190,32,25-34,"$50,000-$74,999",3-5 miles,2-3 times per week,"No, never",5,2,2,4,23.24,4.03,3.94,4.25,2.76,1,0,1,1
191,32,25-34,"$50,000-$74,999",1-3 miles,Rarely (once a month or less),"Yes, regularly (3+ days/week)",4,4,4,2,26.79,4.75,4.49,4.13,2.91,0,0,0,1
192,37,35-44,"$50,000-$74,999",3-5 miles,2-3 times per week,"Yes, occasionally (1-2 days/week)",1,3,2,2,19.71,4.24,3.9,3.73,2.82,0,0,1,1
193,52,45-54,"$100,000-$149,999",3-5 miles,2-3 times per week,"Yes, regularly (3+ days/week)",1,1,1,5,25.66,4.87,3.09,3.17,3.41,1,0,1,1
194,37,35-44,"$75,000-$99,999",1-3 miles,2-3 times per week,Rarely,5,5,5,5,21.26,4.89,3.84,3.17,3.26,0,0,0,1
195,62,55-64,"$75,000-$99,999",More than 10 miles,2-3 times per week,"No, never",4,5,1,4,17.51,3.75,3.9,4.2,3.8,1,1,1,0
196,22,18-24,"$50,000-$74,999",More than 10 miles,2-3 times per week,"Yes, occasionally (1-2 days/week)",1,1,2,2,17.4,3.5,3.24,3.79,3.93,0,0,0,1
197,57,55-64,"$100,000-$149,999",3-5 miles,2-3 times per week,"Yes, regularly (3+ days/week)",1,1,5,5,20.75,4.98,2.54,3.72,3.11,0,1,0,1
198,52,45-54,"$50,000-$74,999",Less than 1 mile,1-2 times per month,"Yes, occasionally (1-2 days/week)",4,5,5,2,28.91,4.86,3.91,4.02,3.26,1,0,1,0
199,27,25-34,"$100,000-$149,999",3-5 miles,2-3 times per week,"No, never",3,3,1,5,19.69,3.58,2.54,4.29,3.96,1,1,0,0
200,57,55-64,"$75,000-$99,999",Less than 1 mile,2-3 times per week,"Yes, regularly (3+ days/week)",1,5,4,1,21.31,4.75,3.76,3.94,2.91,0,1,0,0
201,22,18-24,"$50,000-$74,999",Less than 1 mile,Rarely (once a month or less),"Yes, regularly (3+ days/week)",2,1,2,3,18.25,4.19,2.83,4.14,3.69,1,1,0,1
202,62,55-64,"$75,000-$99,999",1-3 miles,Rarely (once a month or less),"Yes, occasionally (1-2 days/week)",4,4,3,1,25.26,3.89,3.63,4.15,2.84,1,1,0,0
203,62,55-64,"$50,000-$74,999",1-3 miles,1-2 times per month,"Yes, regularly (3+ days/week)",1,2,3,5,24.77,4.82,3.51,3.53,3.52,1,1,1,1
204,27,25-34,"$100,000-$149,999",5-10 miles,2-3 times per week,"Yes, regularly (3+ days/week)",5,4,1,3,20.97,3.8,2.53,3.41,2.88,1,1,1,1
205,52,45-54,"$75,000-$99,999",3-5 miles,2-3 times per week,"Yes, occasionally (1-2 days/week)",2,4,2,3,19.06,4.92,3.23,4.2,3.83,0,1,1,1
206,32,25-34,"$50,000-$74,999",3-5 miles,2-3 times per week,"No, never",1,1,2,5,26.4,3.81,3.7,3.57,3.34,1,0,0,1
207,52,45-54,"$100,000-$149,999",1-3 miles,2-3 times per week,"Yes, occasionally (1-2 days/week)",2,5,1,5,26.03,4.42,4.2,4.36,2.78,1,1,0,0
208,62,55-64,"$50,000-$74,999",1-3 miles,2-3 times per week,"No, never",2,3,2,2,21.47,3.83,4.28,3.1,2.84,0,1,0,0
209,37,35-44,"$75,000-$99,999",1-3 miles,1-2 times per month,Rarely,3,4,4,5,22.25,4.32,3.47,3.09,3.24,1,1,1,0
210,22,18-24,"$150,000+",More than 10 miles,1-2 times per month,Rarely,2,5,1,4,22.27,4.53,3.96,4.39,3.94,0,1,1,1
211,27,25-34,"$75,000-$99,999",Less than 1 mile,2-3 times per week,"No, never",3,3,4,5,22.26,3.79,3.13,3.97,3.65,1,1,1,0
212,22,18-24,"$25,000-$49,999",5-10 miles,Rarely (once a month or less),Rarely,4,4,2,4,28.72,4.28,3.18,3.57,3.23,0,1,1,0
213,42,35-44,"$150,000+",3-5 miles,1-2 times per month,"No, never",3,3,1,5,29.78,4.2,2.89,4.13,3.01,1,0,1,0
214,42,35-44,"$75,000-$99,999",1-3 miles,2-3 times per week,"Yes, regularly (3+ days/week)",5,5,2,2,21.85,3.61,3.62,4.01,3.32,0,0,1,1
215,52,45-54,"$50,000-$74,999",3-5 miles,2-3 times per week,"Yes, regularly (3+ days/week)",1,2,1,4,14.52,4.73,3.13,3.8,3.62,1,0,1,0
216,62,55-64,"$25,000-$49,999",1-3 miles,Daily,"No, never",4,5,2,1,19.98,4.0,2.67,3.15,3.68,1,1,0,1
217,62,55-64,"$100,000-$149,999",5-10 miles,Daily,"Yes, regularly (3+ days/week)",4,1,4,4,18.55,4.36,3.87,4.22,2.99,1,1,0,0
218,32,25-34,"$75,000-$99,999",More than 10 miles,2-3 times per week,"Yes, occasionally (1-2 days/week)",5,3,4,2,18.93,4.27,3.92,4.3,3.58,1,1,1,1
219,32,25-34,"$75,000-$99,999",1-3 miles,2-3 times per week,Rarely,3,2,2,4,20.79,4.27,3.22,3.26,3.49,1,1,1,0
220,32,25-34,"$100,000-$149,999",1-3 miles,2-3 times per week,"No, never",1,3,1,5,13.2,3.66,2.65,4.28,3.94,1,1,1,1
221,37,35-44,"$100,000-$149,999",3-5 miles,2-3 times per week,"Yes, occasionally (1-2 days/week)",3,3,3,5,17.08,4.14,3.35,4.32,3.9,0,1,0,1
222,57,55-64,"$50,000-$74,999",More than 10 miles,1-2 times per month,"Yes, regularly (3+ days/week)",2,4,4,2,21.21,4.18,3.38,3.82,3.68,0,1,0,0
223,47,45-54,"$50,000-$74,999",1-3 miles,2-3 times per week,"Yes, occasionally (1-2 days/week)",3,1,4,3,16.97,4.6,3.84,3.98,3.59,0,1,1,1
224,57,55-64,"$50,000-$74,999",3-5 miles,2-3 times per week,"No, never",4,3,3,5,16.96,4.76,3.13,3.57,2.91,0,1,1,1
225,22,18-24,"$100,000-$149,999",3-5 miles,1-2 times per month,"No, never",1,5,2,1,16.26,4.32,3.87,3.42,3.77,1,0,0,1
226,57,55-64,"$25,000-$49,999",3-5 miles,2-3 times per week,Rarely,3,5,1,2,17.8,3.63,4.24,4.08,3.14,0,1,1,1
227,37,35-44,"$75,000-$99,999",Less than 1 mile,2-3 times per week,Rarely,1,4,2,4,19.23,3.86,2.97,4.29,2.91,1,0,0,0
228,22,18-24,"$100,000-$149,999",3-5 miles,1-2 times per month,"No, never",1,1,5,4,13.04,3.75,4.46,3.98,3.08,1,0,0,1
229,57,55-64,"$100,000-$149,999",More than 10 miles,1-2 times per month,Rarely,2,1,4,1,24.28,3.69,3.27,3.77,3.75,1,1,1,1
230,37,35-44,"$50,000-$74,999",Less than 1 mile,1-2 times per month,"Yes, regularly (3+ days/week)",2,5,5,5,26.59,4.05,3.03,3.24,2.72,1,1,1,1
231,47,45-54,"$100,000-$149,999",1-3 miles,Rarely (once a month or less),"Yes, regularly (3+ days/week)",4,2,4,2,27.15,3.84,3.34,3.08,3.18,1,1,0,1
232,57,55-64,"$25,000-$49,999",More than 10 miles,Rarely (once a month or less),Rarely,5,4,4,1,25.49,3.83,2.69,3.67,3.24,0,0,0,0
233,37,35-44,"$100,000-$149,999",Less than 1 mile,2-3 times per week,"Yes, regularly (3+ days/week)",1,4,5,5,24.41,3.58,2.75,3.07,2.55,0,1,1,1
234,32,25-34,"$25,000-$49,999",5-10 miles,1-2 times per month,Rarely,5,5,5,2,27.92,3.53,3.33,3.85,2.79,1,1,0,1
235,62,55-64,"$50,000-$74,999",1-3 miles,2-3 times per week,"Yes, occasionally (1-2 days/week)",4,5,2,4,16.16,3.65,4.02,3.57,3.74,1,0,1,0
236,32,25-34,"$100,000-$149,999",1-3 miles,1-2 times per month,"No, never",1,2,5,2,17.41,3.76,4.3,4.14,3.75,0,0,1,1
237,62,55-64,"$25,000-$49,999",5-10 miles,Daily,"Yes, occasionally (1-2 days/week)",1,2,2,3,24.26,4.15,3.83,3.46,2.94,1,0,0,1
238,27,25-34,"$50,000-$74,999",1-3 miles,1-2 times per month,"Yes, regularly (3+ days/week)",5,1,2,2,22.69,4.27,2.71,3.89,3.81,1,0,1,0
239,27,25-34,"$100,000-$149,999",3-5 miles,2-3 times per week,"Yes, occasionally (1-2 days/week)",3,4,2,3,15.03,3.71,3.84,3.81,3.66,0,0,1,0
240,27,25-34,"$100,000-$149,999",1-3 miles,Daily,Rarely,2,4,4,2,24.19,4.14,3.77,3.01,3.13,0,0,0,1
241,47,45-54,"$75,000-$99,999",3-5 miles,2-3 times per week,"Yes, occasionally (1-2 days/week)",3,5,4,3,26.53,4.01,4.11,3.11,3.62,1,1,0,0
242,32,25-34,"$75,000-$99,999",Less than 1 mile,1-2 times per month,"No, never",5,1,5,4,19.91,3.78,4.15,3.44,3.94,1,0,0,0
243,62,55-64,"$75,000-$99,999",1-3 miles,2-3 times per week,"Yes, regularly (3+ days/week)",2,4,4,5,21.06,3.51,4.24,4.32,3.19,0,1,1,0
244,37,35-44,"$50,000-$74,999",More than 10 miles,2-3 times per week,"Yes, occasionally (1-2 days/week)",3,1,5,3,17.38,4.2,3.33,3.22,2.86,0,1,1,0
245,22,18-24,"$50,000-$74,999",1-3 miles,2-3 times per week,Rarely,2,1,4,3,23.79,4.53,3.9,4.07,3.91,1,1,0,1
246,37,35-44,"$50,000-$74,999",3-5 miles,1-2 times per month,"Yes, occasionally (1-2 days/week)",1,5,1,4,15.57,3.84,3.04,4.46,3.41,0,1,0,0
247,22,18-24,"$150,000+",1-3 miles,Rarely (once a month or less),"Yes, occasionally (1-2 days/week)",3,1,1,3,24.24,3.7,4.5,4.19,2.66,0,1,0,1
248,42,35-44,"$75,000-$99,999",5-10 miles,2-3 times per week,"No, never",2,2,5,1,25.67,4.83,2.85,3.36,3.36,1,1,1,1
249,37,35-44,"$75,000-$99,999",Less than 1 mile,2-3 times per week,"Yes, occasionally (1-2 days/week)",2,2,4,4,20.14,3.91,2.52,4.36,3.25,0,0,0,1
250,57,55-64,"$75,000-$99,999",More than 10 miles,2-3 times per week,"No, never",2,3,4,1,23.05,3.84,2.8,3.14,3.78,1,1,1,0
251,57,55-64,"$150,000+",1-3 miles,2-3 times per week,"Yes, occasionally (1-2 days/week)",3,5,2,4,25.54,4.79,4.05,3.7,3.3,0,1,0,1
252,52,45-54,"$50,000-$74,999",1-3 miles,2-3 times per week,"Yes, regularly (3+ days/week)",4,3,3,3,20.47,4.73,3.39,4.33,2.88,1,0,1,0
253,32,25-34,"$75,000-$99,999",Less than 1 mile,1-2 times per month,"Yes, regularly (3+ days/week)",3,2,5,1,23.88,4.17,3.4,3.96,3.51,1,0,1,0
254,22,18-24,"$75,000-$99,999",Less than 1 mile,2-3 times per week,"Yes, occasionally (1-2 days/week)",5,3,3,3,19.82,4.23,4.41,3.62,3.31,1,0,1,1
255,22,18-24,"$75,000-$99,999",3-5 miles,1-2 times per month,"Yes, occasionally (1-2 days/week)",3,5,3,4,20.09,3.83,4.34,3.44,2.85,0,1,0,1
256,32,25-34,"$25,000-$49,999",1-3 miles,2-3 times per week,"No, never",2,5,5,3,16.14,3.62,3.12,3.56,3.36,1,0,1,1
257,47,45-54,"$100,000-$149,999",5-10 miles,2-3 times per week,"Yes, regularly (3+ days/week)",1,1,4,1,21.94,4.36,2.92,3.76,3.73,1,1,0,1
258,52,45-54,"$150,000+",1-3 miles,Daily,Rarely,3,4,5,1,33.66,3.65,4.2,3.48,2.54,1,0,0,1
259,47,45-54,"$75,000-$99,999",1-3 miles,Rarely (once a month or less),"Yes, occasionally (1-2 days/week)",3,1,3,3,29.43,4.17,4.31,4.45,3.45,1,1,1,1
260,47,45-54,"$75,000-$99,999",3-5 miles,Rarely (once a month or less),Rarely,2,5,4,2,19.75,4.91,3.58,4.4,3.02,1,0,1,1
261,47,45-54,"$150,000+",3-5 miles,1-2 times per month,"No, never",1,2,1,4,20.29,4.93,3.76,4.31,2.94,1,0,0,0
262,32,25-34,"$100,000-$149,999",Less than 1 mile,1-2 times per month,"Yes, occasionally (1-2 days/week)",1,2,5,4,18.14,3.86,3.01,3.63,3.09,0,1,0,0
263,47,45-54,"$50,000-$74,999",Less than 1 mile,1-2 times per month,"No, never",5,1,5,3,30.21,4.44,4.1,4.04,3.01,0,0,1,1
264,57,55-64,"$75,000-$99,999",Less than 1 mile,Daily,"Yes, occasionally (1-2 days/week)",3,5,4,2,17.59,4.21,3.76,4.35,3.75,1,0,1,1
265,27,25-34,"$75,000-$99,999",3-5 miles,1-2 times per month,Rarely,1,2,1,1,25.78,4.81,3.51,4.28,2.91,0,0,0,0
266,42,35-44,"$75,000-$99,999",3-5 miles,1-2 times per month,"No, never",1,5,1,5,16.63,3.91,2.62,3.62,3.6,1,1,1,0
267,22,18-24,"$100,000-$149,999",1-3 miles,2-3 times per week,"Yes, occasionally (1-2 days/week)",4,2,4,5,30.79,3.51,4.33,3.17,2.64,1,1,0,0
268,22,18-24,"$150,000+",5-10 miles,2-3 times per week,"No, never",4,5,2,3,33.58,3.74,3.73,3.11,3.93,1,1,1,1
269,42,35-44,"$150,000+",5-10 miles,2-3 times per week,Rarely,1,3,5,2,28.63,4.02,2.89,3.87,3.43,0,1,1,1
270,32,25-34,"$75,000-$99,999",3-5 miles,Rarely (once a month or less),"Yes, occasionally (1-2 days/week)",5,5,5,2,22.27,3.97,3.71,3.96,3.56,0,0,0,1
271,37,35-44,"$25,000-$49,999",5-10 miles,2-3 times per week,"No, never",1,5,3,4,11.63,4.69,3.85,4.27,2.95,1,1,1,1
272,32,25-34,"$150,000+",1-3 miles,Rarely (once a month or less),"Yes, regularly (3+ days/week)",2,1,4,1,23.73,4.52,3.55,3.44,3.12,1,1,1,1
273,22,18-24,"$100,000-$149,999",Less than 1 mile,Rarely (once a month or less),"No, never",3,3,3,2,19.03,3.95,3.94,3.25,2.84,1,0,1,0
274,22,18-24,"$25,000-$49,999",1-3 miles,Daily,"No, never",5,4,3,5,18.06,4.19,3.66,3.57,3.9,0,0,1,0
275,42,35-44,"$150,000+",Less than 1 mile,1-2 times per month,"Yes, occasionally (1-2 days/week)",2,1,1,1,25.58,3.64,4.4,3.53,3.23,0,0,1,0
276,47,45-54,"$100,000-$149,999",3-5 miles,2-3 times per week,Rarely,5,4,5,1,23.55,4.85,2.61,3.2,3.45,0,1,0,1
277,32,25-34,"$75,000-$99,999",More than 10 miles,2-3 times per week,"No, never",2,2,3,3,22.52,4.9,2.71,4.01,3.6,1,0,0,0
278,62,55-64,"$75,000-$99,999",Less than 1 mile,1-2 times per month,Rarely,3,4,1,2,23.82,4.97,2.85,3.76,3.06,0,1,0,1
279,42,35-44,"$50,000-$74,999",Less than 1 mile,Daily,Rarely,3,5,4,3,16.31,4.8,3.88,4.08,3.58,0,0,1,1
280,57,55-64,"$25,000-$49,999",1-3 miles,Rarely (once a month or less),"Yes, regularly (3+ days/week)",4,4,3,2,30.65,3.76,3.79,3.53,3.51,0,0,1,0
281,22,18-24,"$50,000-$74,999",More than 10 miles,2-3 times per week,Rarely,2,1,5,4,15.8,3.57,4.28,3.49,3.56,0,0,1,1
282,42,35-44,"$100,000-$149,999",1-3 miles,Daily,"Yes, regularly (3+ days/week)",4,1,3,3,22.68,4.37,3.97,3.71,3.23,1,1,0,1
283,32,25-34,"$25,000-$49,999",3-5 miles,2-3 times per week,"Yes, regularly (3+ days/week)",2,4,4,3,20.32,4.87,3.52,4.32,3.07,1,0,1,0
284,22,18-24,"$50,000-$74,999",Less than 1 mile,Daily,Rarely,4,1,3,5,28.2,3.77,4.48,3.06,2.83,0,0,1,0
285,37,35-44,"$50,000-$74,999",Less than 1 mile,Rarely (once a month or less),"Yes, regularly (3+ days/week)",3,1,5,3,15.99,3.51,3.03,4.21,3.74,0,0,1,1
286,42,35-44,"$75,000-$99,999",More than 10 miles,2-3 times per week,Rarely,5,4,1,2,23.93,4.71,4.17,3.55,3.41,0,0,0,0
287,52,45-54,"$150,000+",More than 10 miles,1-2 times per month,"Yes, regularly (3+ days/week)",4,3,5,5,30.43,3.62,3.35,4.28,3.17,0,0,0,0
288,22,18-24,"$50,000-$74,999",Less than 1 mile,2-3 times per week,"No, never",2,3,1,3,16.23,4.12,3.8,4.2,3.92,0,1,1,1
289,32,25-34,"$50,000-$74,999",More than 10 miles,Daily,"Yes, occasionally (1-2 days/week)",2,2,2,3,22.41,4.52,3.95,3.52,2.57,1,1,1,1
290,27,25-34,"$100,000-$149,999",3-5 miles,1-2 times per month,"Yes, occasionally (1-2 days/week)",3,1,5,4,28.35,3.86,3.77,4.04,3.78,0,1,0,0
291,62,55-64,"$75,000-$99,999",5-10 miles,2-3 times per week,Rarely,2,4,5,3,27.96,3.63,2.78,3.24,4.0,0,0,1,1
292,47,45-54,"$50,000-$74,999",1-3 miles,1-2 times per month,"Yes, occasionally (1-2 days/week)",1,1,4,1,11.99,4.66,3.39,4.34,3.83,0,0,0,1
293,32,25-34,"$75,000-$99,999",3-5 miles,2-3 times per week,"Yes, occasionally (1-2 days/week)",5,5,3,5,21.03,4.45,3.62,3.61,3.72,1,0,1,0
294,57,55-64,"$25,000-$49,999",1-3 miles,2-3 times per week,"No, never",4,1,1,1,20.65,4.98,4.2,3.68,3.06,1,1,1,1
295,57,55-64,"$50,000-$74,999",3-5 miles,Daily,"No, never",5,1,1,5,23.49,4.02,3.39,4.06,2.85,1,1,0,0
296,27,25-34,"$75,000-$99,999",Less than 1 mile,2-3 times per week,"Yes, occasionally (1-2 days/week)",3,3,4,4,18.13,3.59,4.34,4.23,3.6,1,0,1,0
297,47,45-54,"$75,000-$99,999",Less than 1 mile,1-2 times per month,"Yes, occasionally (1-2 days/week)",4,4,4,3,19.05,4.6,3.38,3.35,2.96,1,1,0,1
298,52,45-54,"$150,000+",1-3 miles,1-2 times per month,"Yes, regularly (3+ days/week)",4,1,3,3,35.32,4.28,3.6,3.99,2.76,0,1,0,1
299,27,25-34,"$50,000-$74,999",3-5 miles,1-2 times per month,"Yes, regularly (3+ days/week)",1,3,3,3,25.28,3.82,4.09,3.59,3.68,1,0,1,0
300,27,25-34,"$75,000-$99,999",1-3 miles,1-2 times per month,"Yes, regularly (3+ days/week)",3,2,5,5,15.2,4.67,3.67,3.55,2.97,0,0,0,1
301,22,18-24,"$75,000-$99,999",3-5 miles,1-2 times per month,"Yes, occasionally (1-2 days/week)",2,3,2,3,18.08,3.81,4.42,4.04,3.87,0,1,0,1
302,57,55-64,"$25,000-$49,999",More than 10 miles,Daily,Rarely,1,3,3,1,17.58,3.89,3.82,3.58,3.76,1,1,0,1
303,22,18-24,"$75,000-$99,999",Less than 1 mile,2-3 times per week,"No, never",1,3,4,3,15.09,3.64,3.55,3.52,3.77,1,0,0,0
304,62,55-64,"$50,000-$74,999",3-5 miles,2-3 times per week,"Yes, regularly (3+ days/week)",5,1,3,4,26.93,4.1,2.55,4.25,3.66,1,0,0,1
305,47,45-54,"$150,000+",1-3 miles,1-2 times per month,"Yes, occasionally (1-2 days/week)",5,1,1,1,32.11,4.13,3.33,3.15,3.82,1,1,0,0
306,52,45-54,"$25,000-$49,999",5-10 miles,Daily,"No, never",5,2,2,3,30.26,4.27,3.1,4.01,3.71,1,0,1,0
307,52,45-54,"$75,000-$99,999",Less than 1 mile,2-3 times per week,Rarely,1,5,5,3,22.61,4.56,4.0,3.37,3.4,1,1,0,1
308,32,25-34,"$25,000-$49,999",3-5 miles,Rarely (once a month or less),"Yes, regularly (3+ days/week)",2,5,1,2,21.14,4.86,2.92,3.02,2.94,1,1,1,1
309,27,25-34,"$150,000+",5-10 miles,2-3 times per week,"Yes, occasionally (1-2 days/week)",4,5,1,5,30.8,3.71,2.91,3.25,3.83,1,0,0,1
310,62,55-64,"$75,000-$99,999",More than 10 miles,2-3 times per week,Rarely,5,2,2,1,21.61,3.58,2.88,3.91,3.76,1,0,0,0
311,57,55-64,"$75,000-$99,999",3-5 miles,Rarely (once a month or less),"Yes, occasionally (1-2 days/week)",2,5,5,2,21.9,3.53,2.75,4.06,3.21,1,1,0,0
312,52,45-54,"$25,000-$49,999",1-3 miles,2-3 times per week,"No, never",3,5,4,4,21.84,3.72,3.12,3.03,2.56,0,0,1,1
313,62,55-64,"$100,000-$149,999",3-5 miles,2-3 times per week,Rarely,5,3,5,5,19.5,4.49,4.27,3.05,3.46,0,0,1,0
314,37,35-44,"$50,000-$74,999",5-10 miles,1-2 times per month,Rarely,4,1,3,1,19.64,4.59,4.05,4.35,2.58,1,1,1,1
315,37,35-44,"$100,000-$149,999",3-5 miles,Daily,"No, never",3,1,1,3,18.88,4.68,3.97,3.11,3.89,1,0,0,0
316,22,18-24,"$50,000-$74,999",Less than 1 mile,2-3 times per week,"Yes, regularly (3+ days/week)",3,3,3,1,28.36,3.87,4.09,4.34,3.94,1,1,1,1
317,57,55-64,"$50,000-$74,999",More than 10 miles,2-3 times per week,Rarely,4,3,4,3,19.46,3.96,3.04,3.34,2.78,1,0,0,1
318,32,25-34,"$25,000-$49,999",3-5 miles,2-3 times per week,"Yes, regularly (3+ days/week)",5,3,3,5,21.84,4.22,4.27,4.11,3.51,1,1,0,1
319,52,45-54,"$75,000-$99,999",3-5 miles,2-3 times per week,"Yes, regularly (3+ days/week)",1,1,5,3,17.04,3.59,2.77,3.46,2.64,0,0,1,1
320,27,25-34,"$75,000-$99,999",1-3 miles,2-3 times per week,"No, never",4,5,3,4,25.96,4.42,3.17,4.29,3.59,0,1,0,1
321,27,25-34,"$25,000-$49,999",3-5 miles,2-3 times per week,"Yes, occasionally (1-2 days/week)",4,3,4,3,17.77,4.98,3.67,4.05,3.02,0,1,1,0
322,52,45-54,"$100,000-$149,999",1-3 miles,Rarely (once a month or less),"Yes, occasionally (1-2 days/week)",4,2,4,4,30.31,4.04,2.71,3.6,3.52,0,0,0,0
323,47,45-54,"$75,000-$99,999",3-5 miles,2-3 times per week,"Yes, regularly (3+ days/week)",3,3,4,5,27.48,4.63,3.96,3.11,3.06,1,0,1,1
324,32,25-34,"$75,000-$99,999",Less than 1 mile,2-3 times per week,"No, never",2,4,5,5,21.66,4.25,3.27,4.1,2.72,1,0,1,0
325,62,55-64,"$75,000-$99,999",3-5 miles,2-3 times per week,"Yes, occasionally (1-2 days/week)",1,3,4,1,21.61,3.69,4.07,3.93,3.11,1,1,1,1
326,47,45-54,"$75,000-$99,999",More than 10 miles,Rarely (once a month or less),"Yes, occasionally (1-2 days/week)",5,1,1,4,17.75,4.37,3.49,3.0,2.67,1,1,0,0
327,47,45-54,"$75,000-$99,999",Less than 1 mile,2-3 times per week,Rarely,5,3,4,4,22.58,3.95,2.86,3.01,3.37,0,1,0,0
328,22,18-24,"$50,000-$74,999",More than 10 miles,1-2 times per month,"No, never",2,4,3,2,24.93,3.55,3.97,4.21,2.56,0,0,1,1
329,37,35-44,"$50,000-$74,999",1-3 miles,1-2 times per month,"Yes, occasionally (1-2 days/week)",4,2,3,2,17.16,4.45,3.0,3.39,3.29,1,1,0,1
330,47,45-54,"$100,000-$149,999",5-10 miles,1-2 times per month,"Yes, occasionally (1-2 days/week)",1,5,3,2,15.73,4.79,3.48,3.95,3.83,0,0,1,1
331,47,45-54,"$150,000+",5-10 miles,1-2 times per month,Rarely,5,3,5,3,31.28,4.02,2.65,3.68,3.76,0,1,1,1
332,42,35-44,"$50,000-$74,999",3-5 miles,2-3 times per week,"Yes, occasionally (1-2 days/week)",5,4,3,2,21.35,4.09,3.74,4.3,3.82,1,1,0,1
333,22,18-24,"$50,000-$74,999",3-5 miles,2-3 times per week,Rarely,4,4,5,4,30.01,4.84,3.83,4.38,3.88,0,0,1,0
334,57,55-64,"$75,000-$99,999",5-10 miles,1-2 times per month,"Yes, occasionally (1-2 days/week)",2,2,5,3,14.97,4.72,3.26,4.5,2.66,1,0,1,0
335,42,35-44,"$75,000-$99,999",1-3 miles,Daily,"No, never",1,1,4,5,23.46,4.57,4.41,3.23,2.69,0,1,0,1
336,42,35-44,"$25,000-$49,999",1-3 miles,Daily,"Yes, regularly (3+ days/week)",2,3,1,1,20.62,3.87,4.25,4.29,3.34,0,1,0,1
337,52,45-54,"$50,000-$74,999",3-5 miles,Daily,Rarely,2,4,4,2,24.25,4.87,3.92,3.4,3.84,0,0,0,1
338,37,35-44,"$100,000-$149,999",5-10 miles,1-2 times per month,Rarely,1,2,4,5,16.16,3.73,3.93,3.89,3.96,0,0,0,1
339,47,45-54,"$75,000-$99,999",5-10 miles,2-3 times per week,"No, never",1,5,5,4,19.22,4.44,3.0,3.76,2.57,1,1,1,0
340,37,35-44,"$25,000-$49,999",5-10 miles,Daily,"No, never",5,4,5,1,30.35,3.54,3.81,3.03,3.03,1,0,0,0
341,32,25-34,"$50,000-$74,999",1-3 miles,2-3 times per week,"Yes, occasionally (1-2 days/week)",5,2,3,5,24.5,4.47,2.9,4.4,2.82,1,0,1,1
342,52,45-54,"$50,000-$74,999",5-10 miles,Rarely (once a month or less),Rarely,1,1,3,1,16.9,3.92,2.79,3.12,3.63,1,0,0,0
343,57,55-64,"$75,000-$99,999",Less than 1 mile,Rarely (once a month or less),"Yes, regularly (3+ days/week)",3,1,4,2,22.54,4.17,4.5,4.03,3.46,0,0,1,0
344,37,35-44,"$25,000-$49,999",3-5 miles,2-3 times per week,"No, never",5,4,2,4,28.26,4.02,3.74,4.18,2.68,1,1,1,0
345,27,25-34,"$25,000-$49,999",Less than 1 mile,Daily,Rarely,3,4,2,1,21.15,3.76,3.36,4.19,3.23,0,1,0,0
346,32,25-34,"$100,000-$149,999",1-3 miles,2-3 times per week,Rarely,1,3,3,5,25.58,4.43,3.08,3.2,3.53,0,1,0,1
347,22,18-24,"$50,000-$74,999",1-3 miles,2-3 times per week,"No, never",5,2,2,2,21.92,4.82,3.71,3.67,3.67,1,0,1,1
348,57,55-64,"$75,000-$99,999",1-3 miles,1-2 times per month,"No, never",2,4,3,2,20.13,4.94,2.6,4.24,2.53,1,1,1,1
349,32,25-34,"$50,000-$74,999",3-5 miles,2-3 times per week,Rarely,1,3,5,5,22.85,3.79,2.69,3.45,3.84,1,1,0,1
350,52,45-54,"$25,000-$49,999",1-3 miles,2-3 times per week,"Yes, occasionally (1-2 days/week)",4,3,4,5,26.34,4.58,2.57,3.7,3.35,0,0,0,0
351,42,35-44,"$50,000-$74,999",1-3 miles,1-2 times per month,Rarely,3,4,1,1,27.45,4.5,3.5,3.41,3.72,0,1,0,1
352,42,35-44,"$100,000-$149,999",1-3 miles,2-3 times per week,"Yes, occasionally (1-2 days/week)",1,1,4,3,26.45,4.02,3.7,3.7,3.71,1,1,0,0
353,52,45-54,"$100,000-$149,999",1-3 miles,Daily,"Yes, occasionally (1-2 days/week)",1,2,3,2,17.9,3.53,2.62,4.33,2.78,0,1,1,0
354,62,55-64,"$100,000-$149,999",1-3 miles,1-2 times per month,"No, never",5,2,3,1,19.17,4.53,3.94,3.68,2.67,0,0,1,0
355,42,35-44,"$50,000-$74,999",Less than 1 mile,2-3 times per week,"Yes, occasionally (1-2 days/week)",5,1,4,5,17.96,4.92,2.96,3.83,3.58,0,1,0,1
356,22,18-24,"$75,000-$99,999",3-5 miles,1-2 times per month,"Yes, regularly (3+ days/week)",5,4,3,1,28.4,4.45,3.87,3.61,2.73,0,0,1,1
357,22,18-24,"$50,000-$74,999",3-5 miles,2-3 times per week,"Yes, occasionally (1-2 days/week)",4,2,2,5,29.11,4.15,4.46,3.69,3.77,0,1,0,1
358,27,25-34,"$50,000-$74,999",3-5 miles,2-3 times per week,"Yes, occasionally (1-2 days/week)",5,4,2,4,20.81,4.29,3.88,3.02,3.59,1,0,1,1
359,47,45-54,"$100,000-$149,999",1-3 miles,2-3 times per week,Rarely,1,4,3,5,13.88,3.8,4.27,3.43,3.76,1,1,0,0
360,62,55-64,"$25,000-$49,999",1-3 miles,2-3 times per week,"Yes, regularly (3+ days/week)",5,3,3,5,18.43,4.63,4.4,3.65,2.95,1,1,0,1
361,57,55-64,"$25,000-$49,999",5-10 miles,1-2 times per month,"Yes, regularly (3+ days/week)",2,1,2,5,25.34,4.62,3.47,3.95,2.97,0,1,0,1
362,42,35-44,"$50,000-$74,999",3-5 miles,Daily,"Yes, occasionally (1-2 days/week)",5,4,3,3,22.17,3.72,3.9,3.68,3.51,0,1,0,0
363,22,18-24,"$25,000-$49,999",1-3 miles,2-3 times per week,"Yes, regularly (3+ days/week)",4,5,3,5,22.03,4.82,4.2,3.51,2.55,1,1,1,0
364,52,45-54,"$50,000-$74,999",Less than 1 mile,1-2 times per month,"No, never",2,1,4,2,20.54,3.9,3.21,3.58,3.59,1,0,1,1
365,42,35-44,"$75,000-$99,999",1-3 miles,2-3 times per week,"No, never",1,2,1,2,24.09,4.97,3.02,3.36,3.75,1,1,0,1
366,47,45-54,"$75,000-$99,999",1-3 miles,2-3 times per week,"Yes, regularly (3+ days/week)",1,3,2,1,21.26,4.07,4.39,4.39,3.12,1,1,1,1
367,52,45-54,"$100,000-$149,999",1-3 miles,1-2 times per month,"Yes, regularly (3+ days/week)",3,2,4,3,23.73,3.77,3.95,3.78,3.65,0,1,0,1
368,32,25-34,"$100,000-$149,999",3-5 miles,Daily,"No, never",2,2,1,1,15.64,4.03,2.94,3.02,2.76,1,1,1,1
369,32,25-34,"$50,000-$74,999",3-5 miles,Daily,Rarely,3,1,3,2,22.2,4.16,3.4,3.03,2.98,1,0,0,0
370,42,35-44,"$50,000-$74,999",3-5 miles,1-2 times per month,"No, never",2,2,3,2,23.73,3.6,4.09,4.46,3.96,0,0,0,0
371,47,45-54,"$50,000-$74,999",5-10 miles,Daily,Rarely,2,4,4,4,27.6,4.37,3.59,3.33,3.98,1,1,0,0
372,62,55-64,"$75,000-$99,999",5-10 miles,1-2 times per month,"Yes, regularly (3+ days/week)",4,2,3,5,19.02,4.4,3.8,4.21,3.27,1,1,1,0
373,42,35-44,"$50,000-$74,999",3-5 miles,1-2 times per month,"Yes, occasionally (1-2 days/week)",3,3,5,2,14.64,4.61,4.01,3.09,3.9,0,0,1,1
374,22,18-24,"$75,000-$99,999",More than 10 miles,1-2 times per month,Rarely,4,3,4,1,17.13,3.54,3.74,4.38,3.28,0,1,0,1
375,37,35-44,"$75,000-$99,999",Less than 1 mile,Daily,Rarely,2,5,1,1,18.64,4.31,3.58,4.31,2.94,0,1,0,1
376,42,35-44,"$75,000-$99,999",Less than 1 mile,2-3 times per week,"No, never",1,3,4,5,23.81,3.58,4.0,3.86,2.9,1,0,0,0
377,42,35-44,"$75,000-$99,999",Less than 1 mile,1-2 times per month,Rarely,2,2,2,5,13.11,4.55,3.96,3.01,3.89,0,1,1,1
378,52,45-54,"$50,000-$74,999",3-5 miles,2-3 times per week,"Yes, occasionally (1-2 days/week)",4,3,4,4,22.85,3.58,3.76,3.39,2.76,0,1,1,0
379,37,35-44,"$150,000+",5-10 miles,2-3 times per week,"Yes, regularly (3+ days/week)",3,1,3,3,24.44,4.87,3.22,3.61,3.37,0,1,0,0
380,22,18-24,"$100,000-$149,999",1-3 miles,Rarely (once a month or less),"Yes, regularly (3+ days/week)",3,3,3,1,15.29,4.55,3.31,3.69,3.33,1,1,0,1
381,42,35-44,"$25,000-$49,999",More than 10 miles,Daily,"No, never",4,4,5,5,22.75,4.26,4.44,3.45,3.61,1,1,1,1
382,52,45-54,"$100,000-$149,999",Less than 1 mile,2-3 times per week,"Yes, regularly (3+ days/week)",3,1,5,1,18.32,4.16,2.72,3.05,3.25,1,0,0,0
383,47,45-54,"$75,000-$99,999",More than 10 miles,2-3 times per week,"Yes, regularly (3+ days/week)",5,5,5,5,22.78,3.7,3.04,3.89,2.91,0,0,0,0
384,42,35-44,"$100,000-$149,999",1-3 miles,Daily,"Yes, regularly (3+ days/week)",1,4,1,2,22.08,3.94,3.48,3.79,2.75,1,0,0,1
385,37,35-44,"$100,000-$149,999",Less than 1 mile,2-3 times per week,"Yes, occasionally (1-2 days/week)",1,2,5,1,19.32,4.8,4.17,3.42,3.43,1,0,0,0
386,27,25-34,"$75,000-$99,999",1-3 miles,Daily,Rarely,1,2,1,2,13.37,4.86,2.83,3.06,3.58,1,0,1,0
387,37,35-44,"$25,000-$49,999",1-3 miles,2-3 times per week,Rarely,3,2,5,1,28.92,3.5,3.05,4.49,3.35,1,0,1,1
388,32,25-34,"$50,000-$74,999",1-3 miles,2-3 times per week,"No, never",3,4,1,3,24.04,4.39,2.63,3.72,3.61,1,0,0,0
389,22,18-24,"$75,000-$99,999",1-3 miles,1-2 times per month,"No, never",2,4,4,4,24.49,4.58,3.91,4.13,2.71,1,0,1,0
390,57,55-64,"$75,000-$99,999",5-10 miles,Daily,"No, never",2,4,4,2,14.19,4.43,2.98,3.68,3.82,0,1,0,0
391,42,35-44,"$50,000-$74,999",3-5 miles,2-3 times per week,"Yes, occasionally (1-2 days/week)",1,1,3,5,12.21,3.62,3.28,3.06,3.37,1,0,1,1
392,37,35-44,"$25,000-$49,999",1-3 miles,1-2 times per month,"Yes, occasionally (1-2 days/week)",5,1,1,3,17.79,3.83,3.39,3.46,2.69,1,1,1,1
393,57,55-64,"$100,000-$149,999",3-5 miles,Rarely (once a month or less),"Yes, occasionally (1-2 days/week)",2,2,2,1,15.83,3.88,4.28,3.48,3.19,1,1,1,0
394,52,45-54,"$150,000+",3-5 miles,2-3 times per week,"No, never",2,3,3,2,24.22,4.75,3.32,4.26,3.77,1,0,0,0
395,27,25-34,"$75,000-$99,999",1-3 miles,2-3 times per week,"Yes, regularly (3+ days/week)",3,2,4,1,28.54,4.19,2.79,3.98,3.85,1,1,0,0
396,22,18-24,"$50,000-$74,999",1-3 miles,2-3 times per week,"Yes, regularly (3+ days/week)",5,5,1,1,24.36,4.23,3.55,3.41,2.9,0,1,0,0
397,37,35-44,"$50,000-$74,999",Less than 1 mile,Daily,"Yes, regularly (3+ days/week)",1,1,5,1,15.85,4.9,4.43,4.45,3.57,0,0,1,1
398,57,55-64,"$25,000-$49,999",Less than 1 mile,Rarely (once a month or less),"Yes, regularly (3+ days/week)",2,4,2,4,21.43,4.46,3.72,3.48,2.65,1,0,0,1
399,27,25-34,"$150,000+",3-5 miles,2-3 times per week,"Yes, occasionally (1-2 days/week)",5,1,4,4,24.18,4.85,4.47,4.5,2.55,1,0,1,0
400,32,25-34,"$25,000-$49,999",Less than 1 mile,1-2 times per month,"Yes, regularly (3+ days/week)",5,4,3,5,26.64,4.18,4.18,4.49,3.34,0,0,1,0
401,22,18-24,"$75,000-$99,999",3-5 miles,Daily,"No, never",1,5,1,2,20.03,3.72,2.57,3.29,3.54,0,0,1,0
402,22,18-24,"$50,000-$74,999",3-5 miles,2-3 times per week,Rarely,5,5,2,3,29.38,4.89,3.82,3.47,3.69,1,1,1,0
403,32,25-34,"$75,000-$99,999",Less than 1 mile,2-3 times per week,"No, never",5,1,1,3,32.3,4.19,3.07,3.73,3.01,1,1,0,0
404,42,35-44,"$75,000-$99,999",3-5 miles,2-3 times per week,"No, never",5,4,5,3,21.26,3.77,3.62,4.0,2.51,1,1,0,1
405,32,25-34,"$100,000-$149,999",1-3 miles,1-2 times per month,"No, never",2,5,3,1,20.64,3.95,3.06,3.79,3.22,1,0,0,1
406,22,18-24,"$50,000-$74,999",More than 10 miles,2-3 times per week,"Yes, occasionally (1-2 days/week)",1,2,1,4,25.13,3.58,3.2,4.45,2.52,1,0,1,1
407,22,18-24,"$25,000-$49,999",1-3 miles,2-3 times per week,"Yes, regularly (3+ days/week)",5,2,4,2,29.28,4.2,4.35,4.09,2.64,1,0,0,0
408,57,55-64,"$25,000-$49,999",5-10 miles,2-3 times per week,"Yes, occasionally (1-2 days/week)",5,4,3,1,24.81,4.78,2.91,3.32,2.99,1,0,1,1
409,27,25-34,"$150,000+",3-5 miles,1-2 times per month,"No, never",2,1,4,4,32.18,4.9,4.25,3.16,3.16,1,0,0,0
410,32,25-34,"$100,000-$149,999",Less than 1 mile,2-3 times per week,"Yes, regularly (3+ days/week)",1,5,1,4,12.36,4.9,2.56,4.03,2.92,1,1,0,0
411,27,25-34,"$75,000-$99,999",3-5 miles,2-3 times per week,"Yes, occasionally (1-2 days/week)",3,1,3,2,28.46,3.69,2.68,3.24,3.37,1,0,1,1
412,32,25-34,"$75,000-$99,999",More than 10 miles,1-2 times per month,Rarely,2,2,4,2,13.76,4.07,4.21,4.18,2.58,1,1,0,0
413,52,45-54,"$75,000-$99,999",3-5 miles,1-2 times per month,"Yes, occasionally (1-2 days/week)",1,5,5,2,19.71,3.54,3.76,3.47,2.72,0,0,0,1
414,22,18-24,"$50,000-$74,999",5-10 miles,2-3 times per week,Rarely,5,1,5,1,30.86,4.78,3.99,3.49,3.54,0,1,1,1
415,57,55-64,"$150,000+",5-10 miles,2-3 times per week,Rarely,1,3,1,5,20.44,4.04,2.92,3.02,2.71,0,1,0,1
416,27,25-34,"$75,000-$99,999",1-3 miles,1-2 times per month,"Yes, regularly (3+ days/week)",1,4,3,2,18.58,4.45,3.57,4.05,3.46,0,1,0,1
417,32,25-34,"$50,000-$74,999",1-3 miles,1-2 times per month,Rarely,1,4,2,5,16.36,4.57,3.97,3.17,2.58,0,0,0,0
418,62,55-64,"$75,000-$99,999",3-5 miles,1-2 times per month,"Yes, occasionally (1-2 days/week)",3,3,3,1,28.78,4.14,3.75,4.16,3.11,0,1,1,1
419,52,45-54,"$25,000-$49,999",1-3 miles,1-2 times per month,"Yes, regularly (3+ days/week)",1,2,5,5,23.85,3.96,3.44,3.74,2.77,0,1,1,1
420,37,35-44,"$50,000-$74,999",5-10 miles,2-3 times per week,"Yes, occasionally (1-2 days/week)",3,5,4,3,25.14,4.94,4.42,4.18,2.66,1,1,1,1
421,42,35-44,"$100,000-$149,999",More than 10 miles,2-3 times per week,"No, never",5,4,2,5,26.31,4.95,3.85,3.88,3.35,1,1,0,0
422,27,25-34,"$25,000-$49,999",1-3 miles,2-3 times per week,"No, never",3,3,1,2,26.81,3.93,4.32,3.12,3.89,0,1,0,1
423,57,55-64,"$75,000-$99,999",1-3 miles,2-3 times per week,"No, never",5,3,2,1,23.38,4.22,3.96,4.15,2.58,1,0,0,0
424,37,35-44,"$50,000-$74,999",5-10 miles,1-2 times per month,"Yes, occasionally (1-2 days/week)",5,2,1,2,24.21,4.96,3.97,3.1,3.13,1,1,1,1
425,62,55-64,"$50,000-$74,999",1-3 miles,2-3 times per week,Rarely,3,2,2,3,25.45,3.51,2.66,3.72,3.56,1,1,0,0
426,42,35-44,"$50,000-$74,999",5-10 miles,2-3 times per week,"No, never",2,1,1,2,18.37,4.12,3.22,3.26,3.19,1,0,0,1
427,62,55-64,"$50,000-$74,999",1-3 miles,Daily,"Yes, regularly (3+ days/week)",4,4,1,2,16.96,3.65,4.22,4.13,3.71,0,0,1,0
428,37,35-44,"$100,000-$149,999",3-5 miles,2-3 times per week,"Yes, occasionally (1-2 days/week)",1,1,2,2,12.62,4.26,2.97,4.37,2.77,0,0,1,0
429,42,35-44,"$50,000-$74,999",Less than 1 mile,1-2 times per month,"No, never",4,3,2,4,17.73,3.54,2.73,3.83,3.94,1,1,0,0
430,62,55-64,"$75,000-$99,999",3-5 miles,2-3 times per week,"Yes, occasionally (1-2 days/week)",1,5,1,3,24.55,4.11,3.15,3.79,3.08,0,0,0,0
431,57,55-64,"$75,000-$99,999",1-3 miles,1-2 times per month,"Yes, occasionally (1-2 days/week)",1,5,5,2,18.58,3.83,2.94,4.15,3.01,1,0,0,0
432,32,25-34,"$75,000-$99,999",3-5 miles,2-3 times per week,"No, never",5,2,2,2,28.19,4.3,4.35,3.01,3.81,0,0,0,0
433,22,18-24,"$150,000+",Less than 1 mile,Rarely (once a month or less),Rarely,1,5,3,2,22.39,4.99,4.24,4.38,3.35,0,1,1,1
434,32,25-34,"$100,000-$149,999",3-5 miles,1-2 times per month,"Yes, regularly (3+ days/week)",1,5,4,1,15.38,4.7,3.5,3.3,3.27,0,0,1,1
435,37,35-44,"$50,000-$74,999",5-10 miles,Daily,"Yes, occasionally (1-2 days/week)",3,5,1,4,19.71,4.77,2.62,4.48,3.59,0,1,1,1
436,27,25-34,"$25,000-$49,999",1-3 miles,1-2 times per month,"Yes, occasionally (1-2 days/week)",4,3,1,1,27.91,4.45,3.93,4.1,3.37,1,0,0,0
437,22,18-24,"$50,000-$74,999",Less than 1 mile,2-3 times per week,Rarely,3,5,4,4,23.88,3.56,3.75,4.16,2.74,1,1,0,0
438,52,45-54,"$75,000-$99,999",Less than 1 mile,1-2 times per month,"No, never",1,5,5,2,25.56,3.81,4.44,3.98,3.51,0,1,0,0
439,57,55-64,"$25,000-$49,999",3-5 miles,2-3 times per week,"No, never",5,5,4,3,27.7,4.89,3.62,3.71,2.7,0,0,0,1
440,52,45-54,"$75,000-$99,999",3-5 miles,2-3 times per week,Rarely,3,1,2,5,23.05,4.05,3.17,3.86,3.71,0,0,1,1
441,42,35-44,"$75,000-$99,999",3-5 miles,2-3 times per week,"No, never",3,3,4,5,23.65,3.66,3.54,3.07,3.98,0,1,0,0
442,22,18-24,"$50,000-$74,999",1-3 miles,1-2 times per month,"No, never",2,2,1,2,27.14,4.55,4.46,3.94,3.07,1,0,0,0
443,52,45-54,"$100,000-$149,999",1-3 miles,1-2 times per month,"Yes, regularly (3+ days/week)",1,1,4,1,23.32,3.95,3.89,3.94,3.17,0,0,0,1
444,52,45-54,"$25,000-$49,999",3-5 miles,Rarely (once a month or less),"Yes, regularly (3+ days/week)",5,4,3,3,17.86,3.9,3.84,4.34,2.57,1,1,0,1
445,62,55-64,"$25,000-$49,999",1-3 miles,1-2 times per month,"Yes, regularly (3+ days/week)",3,3,2,4,22.51,5.0,2.98,3.76,2.52,1,1,0,1
446,32,25-34,"$100,000-$149,999",More than 10 miles,2-3 times per week,"Yes, regularly (3+ days/week)",3,3,4,2,24.83,4.79,3.99,3.12,3.88,0,1,1,1
447,62,55-64,"$75,000-$99,999",Less than 1 mile,Daily,"No, never",5,4,1,3,28.73,4.11,4.0,3.46,2.69,1,0,0,0
448,22,18-24,"$75,000-$99,999",3-5 miles,Daily,"Yes, regularly (3+ days/week)",1,4,2,3,14.7,4.97,3.13,3.98,3.17,1,0,1,0
449,22,18-24,"$75,000-$99,999",1-3 miles,2-3 times per week,"No, never",2,4,1,4,26.01,4.48,3.47,3.36,3.72,1,0,0,0
450,37,35-44,"$50,000-$74,999",1-3 miles,2-3 times per week,"Yes, regularly (3+ days/week)",3,2,5,3,28.84,4.61,3.09,3.42,3.83,1,1,0,0
451,62,55-64,"$100,000-$149,999",3-5 miles,2-3 times per week,"Yes, regularly (3+ days/week)",2,5,3,1,16.55,3.55,3.02,4.23,3.28,1,1,1,0
452,47,45-54,"$100,000-$149,999",3-5 miles,1-2 times per month,"Yes, occasionally (1-2 days/week)",4,3,5,1,29.24,3.68,2.55,3.88,3.35,1,1,0,1
453,32,25-34,"$75,000-$99,999",More than 10 miles,Daily,"Yes, regularly (3+ days/week)",1,5,3,1,12.95,4.45,3.07,3.76,3.5,0,0,1,0
454,22,18-24,"$50,000-$74,999",Less than 1 mile,2-3 times per week,"Yes, occasionally (1-2 days/week)",4,5,4,3,16.84,4.85,3.61,3.48,3.94,1,1,0,0
455,37,35-44,"$75,000-$99,999",Less than 1 mile,2-3 times per week,Rarely,4,4,2,1,17.94,4.44,2.5,4.1,3.4,1,0,1,0
456,62,55-64,"$50,000-$74,999",3-5 miles,1-2 times per month,Rarely,4,2,4,4,16.87,3.7,3.07,3.43,3.34,1,0,1,0
457,32,25-34,"$25,000-$49,999",3-5 miles,2-3 times per week,"Yes, occasionally (1-2 days/week)",1,1,3,3,24.18,3.67,4.26,4.11,2.52,1,1,1,0
458,62,55-64,"$150,000+",1-3 miles,2-3 times per week,"No, never",1,2,3,5,17.39,4.77,3.69,3.11,2.62,1,0,1,1
459,52,45-54,"$25,000-$49,999",Less than 1 mile,Daily,"Yes, occasionally (1-2 days/week)",5,5,3,3,21.57,3.71,3.72,4.3,3.37,0,1,1,1
460,37,35-44,"$150,000+",Less than 1 mile,2-3 times per week,"Yes, regularly (3+ days/week)",2,2,1,4,19.56,4.28,3.31,3.75,3.9,0,1,0,0
461,32,25-34,"$75,000-$99,999",5-10 miles,1-2 times per month,"No, never",2,4,2,5,17.43,3.56,3.85,3.66,3.8,1,1,1,1
462,42,35-44,"$50,000-$74,999",Less than 1 mile,Daily,"Yes, regularly (3+ days/week)",5,1,4,3,18.86,3.62,2.88,3.92,3.97,1,1,1,0
463,42,35-44,"$75,000-$99,999",1-3 miles,1-2 times per month,"Yes, regularly (3+ days/week)",5,4,4,1,27.52,4.51,4.14,3.94,3.29,1,1,0,1
464,32,25-34,"$100,000-$149,999",1-3 miles,2-3 times per week,"Yes, regularly (3+ days/week)",4,1,5,2,18.0,4.53,2.73,3.2,3.68,1,1,0,0
465,62,55-64,"$100,000-$149,999",1-3 miles,Rarely (once a month or less),"Yes, regularly (3+ days/week)",5,5,3,2,30.28,4.01,3.81,4.13,3.76,1,0,1,0
466,37,35-44,"$100,000-$149,999",Less than 1 mile,2-3 times per week,"Yes, occasionally (1-2 days/week)",3,1,3,1,26.76,3.82,3.18,3.41,3.47,1,0,1,1
467,42,35-44,"$75,000-$99,999",3-5 miles,Daily,"Yes, regularly (3+ days/week)",2,1,3,2,13.2,4.72,4.0,4.36,3.01,0,1,0,0
468,37,35-44,"$75,000-$99,999",Less than 1 mile,1-2 times per month,"Yes, regularly (3+ days/week)",5,1,4,2,30.94,3.83,3.6,4.23,3.2,1,1,1,0
469,42,35-44,"$100,000-$149,999",5-10 miles,Daily,"No, never",3,2,5,1,14.93,4.31,3.4,3.52,3.79,1,1,0,0
470,52,45-54,"$50,000-$74,999",1-3 miles,1-2 times per month,"Yes, occasionally (1-2 days/week)",3,2,1,1,18.09,4.95,2.84,4.21,2.95,1,0,0,0
471,62,55-64,"$75,000-$99,999",3-5 miles,Daily,"Yes, occasionally (1-2 days/week)",3,5,2,3,14.99,3.72,3.77,3.53,3.89,1,0,1,0
472,52,45-54,"$50,000-$74,999",5-10 miles,2-3 times per week,"No, never",3,1,1,3,19.54,4.91,4.45,3.15,2.84,1,0,0,1
473,42,35-44,"$150,000+",3-5 miles,2-3 times per week,"Yes, occasionally (1-2 days/week)",4,3,4,1,28.71,3.77,4.15,4.44,3.62,0,1,1,1
474,52,45-54,"$150,000+",3-5 miles,Rarely (once a month or less),"Yes, occasionally (1-2 days/week)",3,5,3,4,31.45,4.35,2.62,3.98,3.45,0,1,0,1
475,42,35-44,"$25,000-$49,999",1-3 miles,Daily,"No, never",4,1,2,2,21.07,4.07,3.25,3.68,3.62,1,1,0,0
476,32,25-34,"$100,000-$149,999",1-3 miles,2-3 times per week,"Yes, occasionally (1-2 days/week)",4,1,4,3,26.58,4.95,4.35,3.6,3.16,0,0,0,0
477,52,45-54,"$150,000+",3-5 miles,1-2 times per month,"Yes, regularly (3+ days/week)",3,2,4,2,22.31,3.91,3.51,3.49,3.9,0,0,1,0
478,27,25-34,"$50,000-$74,999",More than 10 miles,2-3 times per week,"Yes, occasionally (1-2 days/week)",2,5,4,5,24.26,4.1,3.82,4.47,3.45,0,1,0,0
479,62,55-64,"$75,000-$99,999",3-5 miles,1-2 times per month,"No, never",3,1,2,1,18.04,4.97,4.33,3.2,2.93,1,1,0,1
480,22,18-24,"$150,000+",3-5 miles,Daily,"No, never",3,1,2,4,21.65,4.3,4.25,3.47,3.46,0,1,0,0
481,47,45-54,"$25,000-$49,999",3-5 miles,1-2 times per month,Rarely,3,5,5,5,17.28,4.25,3.5,3.73,2.93,1,1,0,1
482,52,45-54,"$75,000-$99,999",1-3 miles,2-3 times per week,"Yes, regularly (3+ days/week)",2,3,5,5,15.73,3.89,3.38,3.72,2.94,1,0,0,0
483,57,55-64,"$50,000-$74,999",Less than 1 mile,2-3 times per week,"No, never",1,5,1,5,19.19,4.55,3.18,3.71,3.1,1,1,0,0
484,62,55-64,"$150,000+",3-5 miles,Rarely (once a month or less),"Yes, occasionally (1-2 days/week)",1,5,2,1,29.17,3.52,3.94,3.26,3.78,1,1,1,0
485,27,25-34,"$150,000+",More than 10 miles,1-2 times per month,"No, never",4,3,2,3,22.19,3.57,3.07,3.22,3.25,0,1,0,0
486,27,25-34,"$150,000+",Less than 1 mile,Rarely (once a month or less),Rarely,4,5,2,1,31.6,4.4,3.0,3.38,3.52,1,1,1,0
487,42,35-44,"$75,000-$99,999",3-5 miles,2-3 times per week,"Yes, regularly (3+ days/week)",2,1,5,3,22.82,4.01,3.21,4.37,3.09,1,1,1,0
488,42,35-44,"$100,000-$149,999",1-3 miles,1-2 times per month,"Yes, occasionally (1-2 days/week)",5,5,4,5,30.59,4.93,2.85,3.17,2.9,1,1,0,0
489,47,45-54,"$100,000-$149,999",3-5 miles,2-3 times per week,"No, never",1,3,3,5,15.16,4.85,3.89,4.14,3.93,1,1,0,1
490,32,25-34,"$50,000-$74,999",Less than 1 mile,1-2 times per month,Rarely,4,4,5,4,22.75,4.57,3.73,4.14,3.41,1,1,1,1
491,57,55-64,"$100,000-$149,999",1-3 miles,1-2 times per month,"No, never",1,5,2,3,25.39,4.73,3.47,4.21,3.9,0,1,1,0
492,22,18-24,"$25,000-$49,999",5-10 miles,2-3 times per week,"Yes, occasionally (1-2 days/week)",2,2,5,5,22.9,4.5,3.28,4.33,2.81,0,0,0,0
493,47,45-54,"$75,000-$99,999",1-3 miles,Rarely (once a month or less),"Yes, occasionally (1-2 days/week)",2,1,1,2,18.83,3.69,4.32,3.39,2.72,1,1,1,1
494,37,35-44,"$50,000-$74,999",3-5 miles,Daily,"No, never",5,1,2,4,19.47,4.65,2.56,3.34,3.78,0,1,0,1
495,22,18-24,"$25,000-$49,999",5-10 miles,Daily,Rarely,5,2,1,1,21.44,3.82,4.04,3.7,3.52,0,0,0,1
496,52,45-54,"$25,000-$49,999",More than 10 miles,2-3 times per week,Rarely,2,2,2,4,21.72,3.99,4.3,3.4,2.78,1,1,0,0
497,62,55-64,"$75,000-$99,999",1-3 miles,2-3 times per week,"Yes, regularly (3+ days/week)",4,5,5,2,26.77,4.73,3.39,4.1,2.9,0,0,1,1
498,37,35-44,"$50,000-$74,999",1-3 miles,Daily,"Yes, regularly (3+ days/week)",1,2,4,3,13.37,4.3,3.6,3.95,3.7,0,0,1,1
499,37,35-44,"$100,000-$149,999",Less than 1 mile,1-2 times per month,"No, never",3,4,3,1,23.49,4.79,4.39,4.31,3.18,1,0,1,0
500,47,45-54,"$25,000-$49,999",More than 10 miles,Rarely (once a month or less),"Yes, regularly (3+ days/week)",5,3,1,1,25.76,3.82,2.92,3.12,3.51,1,1,0,1
501,32,25-34,"$50,000-$74,999",More than 10 miles,1-2 times per month,Rarely,3,2,5,3,22.21,4.41,3.54,4.37,2.98,0,1,1,0
502,47,45-54,"$75,000-$99,999",3-5 miles,2-3 times per week,Rarely,4,2,4,4,26.35,3.63,3.45,3.44,3.07,1,1,0,1
503,52,45-54,"$100,000-$149,999",5-10 miles,Rarely (once a month or less),"Yes, regularly (3+ days/week)",5,4,5,5,30.06,4.46,3.02,3.74,3.99,1,1,1,1
504,32,25-34,"$50,000-$74,999",3-5 miles,2-3 times per week,"Yes, regularly (3+ days/week)",3,1,1,4,19.34,4.64,4.14,3.66,2.87,1,0,0,1
505,52,45-54,"$75,000-$99,999",3-5 miles,Daily,"Yes, regularly (3+ days/week)",4,1,3,2,29.34,4.38,4.3,4.14,3.26,0,0,0,1
506,32,25-34,"$100,000-$149,999",Less than 1 mile,Daily,"Yes, occasionally (1-2 days/week)",1,5,5,5,13.91,3.9,4.06,3.63,3.77,0,0,0,0
507,27,25-34,"$75,000-$99,999",5-10 miles,2-3 times per week,Rarely,4,4,2,4,18.6,3.55,2.89,4.42,2.86,1,1,1,1
508,37,35-44,"$50,000-$74,999",Less than 1 mile,Rarely (once a month or less),"Yes, regularly (3+ days/week)",5,3,4,3,21.5,3.68,2.67,4.35,3.12,0,1,0,1
509,57,55-64,"$25,000-$49,999",5-10 miles,2-3 times per week,Rarely,2,3,5,2,14.79,4.43,3.71,4.31,3.42,1,1,0,1
510,62,55-64,"$100,000-$149,999",5-10 miles,2-3 times per week,"Yes, occasionally (1-2 days/week)",1,4,4,2,14.95,4.9,2.61,3.11,3.22,1,1,0,1
511,52,45-54,"$25,000-$49,999",3-5 miles,1-2 times per month,Rarely,3,3,2,2,16.1,3.81,3.85,4.28,3.19,1,1,1,1
512,22,18-24,"$100,000-$149,999",Less than 1 mile,Rarely (once a month or less),"Yes, occasionally (1-2 days/week)",5,1,3,5,29.83,4.6,3.56,4.17,3.04,1,0,1,1
513,32,25-34,"$75,000-$99,999",1-3 miles,Daily,"No, never",2,3,3,1,15.08,4.8,3.83,3.16,3.38,1,1,1,1
514,62,55-64,"$150,000+",1-3 miles,2-3 times per week,"No, never",4,3,2,5,32.21,4.28,3.68,3.16,3.44,0,1,0,1
515,22,18-24,"$100,000-$149,999",1-3 miles,2-3 times per week,"Yes, regularly (3+ days/week)",2,4,4,4,13.72,4.5,3.35,3.15,3.48,0,1,0,0
516,62,55-64,"$150,000+",Less than 1 mile,Daily,"No, never",5,4,5,1,36.73,4.72,2.9,3.02,2.61,1,0,1,1
517,57,55-64,"$50,000-$74,999",More than 10 miles,2-3 times per week,"Yes, occasionally (1-2 days/week)",5,3,2,4,28.17,3.89,3.11,3.82,3.45,0,1,0,0
518,22,18-24,"$100,000-$149,999",3-5 miles,2-3 times per week,"No, never",2,2,1,1,13.1,3.95,3.55,4.46,3.93,1,1,0,0
519,47,45-54,"$75,000-$99,999",1-3 miles,2-3 times per week,"No, never",4,4,4,5,27.46,3.5,3.8,3.66,3.31,1,0,0,0
520,42,35-44,"$75,000-$99,999",1-3 miles,1-2 times per month,"No, never",2,5,3,2,20.71,4.94,4.06,3.81,3.57,1,1,1,1
521,47,45-54,"$75,000-$99,999",1-3 miles,2-3 times per week,"No, never",5,5,2,3,29.19,4.88,4.03,4.45,3.34,1,0,0,1
522,42,35-44,"$100,000-$149,999",3-5 miles,2-3 times per week,"Yes, regularly (3+ days/week)",5,1,3,2,25.34,4.65,4.45,3.38,3.78,1,1,1,1
523,47,45-54,"$150,000+",3-5 miles,2-3 times per week,Rarely,3,3,4,5,29.12,3.62,3.07,4.29,3.89,0,1,1,0
524,42,35-44,"$100,000-$149,999",More than 10 miles,Daily,"Yes, regularly (3+ days/week)",3,2,3,1,26.29,4.17,2.64,3.82,2.78,1,1,0,1
525,42,35-44,"$75,000-$99,999",1-3 miles,2-3 times per week,"Yes, occasionally (1-2 days/week)",1,1,2,2,17.58,3.65,3.19,3.85,3.16,0,0,0,1
526,37,35-44,"$75,000-$99,999",More than 10 miles,2-3 times per week,Rarely,5,3,4,5,17.54,3.52,3.99,3.51,3.09,1,0,1,0
527,32,25-34,"$100,000-$149,999",5-10 miles,2-3 times per week,"Yes, occasionally (1-2 days/week)",3,4,1,4,27.25,4.42,3.38,3.84,3.11,0,0,1,0
528,32,25-34,"$50,000-$74,999",1-3 miles,2-3 times per week,"Yes, occasionally (1-2 days/week)",2,5,2,3,18.71,4.94,4.14,3.11,2.69,1,0,1,0
529,37,35-44,"$25,000-$49,999",More than 10 miles,2-3 times per week,"Yes, regularly (3+ days/week)",4,2,5,2,23.44,4.85,3.6,4.15,3.72,0,0,1,1
530,62,55-64,"$50,000-$74,999",Less than 1 mile,1-2 times per month,Rarely,2,5,2,1,13.12,4.55,4.36,3.43,2.55,0,1,0,1
531,27,25-34,"$50,000-$74,999",5-10 miles,2-3 times per week,Rarely,4,4,4,4,23.38,3.64,4.4,4.33,3.29,1,0,1,0
532,62,55-64,"$50,000-$74,999",1-3 miles,1-2 times per month,"Yes, regularly (3+ days/week)",3,3,2,5,29.3,3.91,2.64,3.55,3.49,1,1,0,1
533,22,18-24,"$50,000-$74,999",5-10 miles,1-2 times per month,"Yes, regularly (3+ days/week)",1,4,1,3,15.67,3.98,3.41,3.21,2.81,0,0,1,0
534,22,18-24,"$25,000-$49,999",5-10 miles,2-3 times per week,"Yes, regularly (3+ days/week)",2,4,1,1,18.93,4.64,3.72,4.04,3.86,0,1,1,0
535,42,35-44,"$25,000-$49,999",5-10 miles,2-3 times per week,Rarely,2,5,5,5,23.31,4.7,3.01,3.25,3.76,1,1,1,0
536,47,45-54,"$150,000+",5-10 miles,Daily,"Yes, regularly (3+ days/week)",2,2,3,5,30.22,4.08,3.31,4.13,3.21,1,1,1,0
537,47,45-54,"$75,000-$99,999",1-3 miles,2-3 times per week,"Yes, occasionally (1-2 days/week)",4,4,4,2,22.26,4.13,3.86,4.45,3.12,0,1,1,0
538,32,25-34,"$50,000-$74,999",Less than 1 mile,2-3 times per week,"Yes, occasionally (1-2 days/week)",3,5,4,2,19.15,3.57,2.95,4.17,2.85,1,0,0,0
539,52,45-54,"$75,000-$99,999",1-3 miles,2-3 times per week,"No, never",2,2,3,1,27.07,3.93,3.7,3.03,3.59,0,0,1,1
540,62,55-64,"$50,000-$74,999",Less than 1 mile,2-3 times per week,"Yes, occasionally (1-2 days/week)",2,3,1,5,23.16,4.18,3.89,3.9,2.7,1,0,0,0
541,57,55-64,"$150,000+",3-5 miles,Rarely (once a month or less),"No, never",1,3,1,2,18.29,3.68,2.68,4.04,3.52,0,0,1,1
542,47,45-54,"$100,000-$149,999",1-3 miles,1-2 times per month,Rarely,1,1,2,3,12.53,4.18,3.5,4.24,3.76,1,1,0,1
543,57,55-64,"$25,000-$49,999",More than 10 miles,1-2 times per month,"Yes, regularly (3+ days/week)",3,5,5,3,21.75,4.78,3.03,3.08,2.84,0,1,0,0
544,42,35-44,"$75,000-$99,999",3-5 miles,2-3 times per week,"No, never",3,2,5,5,17.8,4.37,3.95,3.72,3.8,1,1,1,1
545,57,55-64,"$100,000-$149,999",5-10 miles,Rarely (once a month or less),"No, never",5,4,5,2,21.31,3.62,2.88,3.8,2.55,0,0,1,0
546,37,35-44,"$150,000+",Less than 1 mile,1-2 times per month,"No, never",1,3,2,1,29.67,3.79,4.28,3.25,3.87,0,1,0,1
547,57,55-64,"$75,000-$99,999",5-10 miles,1-2 times per month,"Yes, regularly (3+ days/week)",5,2,5,1,18.84,4.21,3.36,3.48,2.68,0,1,1,1
548,27,25-34,"$75,000-$99,999",More than 10 miles,Daily,"Yes, occasionally (1-2 days/week)",4,5,3,1,26.73,4.04,2.9,3.66,3.47,1,0,1,0
549,42,35-44,"$50,000-$74,999",1-3 miles,1-2 times per month,Rarely,5,1,2,3,21.57,4.04,3.38,4.25,2.88,1,0,1,1
550,62,55-64,"$150,000+",3-5 miles,2-3 times per week,"Yes, regularly (3+ days/week)",2,3,3,2,29.4,4.29,3.32,4.39,3.75,1,1,0,1
551,37,35-44,"$50,000-$74,999",5-10 miles,1-2 times per month,"Yes, regularly (3+ days/week)",5,2,2,2,28.34,4.38,3.36,3.94,3.27,1,1,1,1
552,47,45-54,"$150,000+",Less than 1 mile,2-3 times per week,Rarely,3,2,5,3,19.61,4.7,3.67,3.59,2.7,1,0,1,1
553,22,18-24,"$75,000-$99,999",3-5 miles,1-2 times per month,"Yes, occasionally (1-2 days/week)",4,2,3,1,23.64,4.01,3.54,3.38,3.36,1,0,0,0
554,62,55-64,"$75,000-$99,999",1-3 miles,1-2 times per month,"Yes, regularly (3+ days/week)",2,5,3,1,15.09,4.71,2.8,4.47,3.11,0,1,1,1
555,22,18-24,"$75,000-$99,999",Less than 1 mile,2-3 times per week,"Yes, occasionally (1-2 days/week)",5,5,3,5,30.49,4.01,2.63,4.47,3.49,1,1,1,0
556,42,35-44,"$50,000-$74,999",1-3 miles,Rarely (once a month or less),"No, never",4,5,2,4,29.07,3.58,3.96,4.39,3.82,0,0,1,0
557,37,35-44,"$50,000-$74,999",Less than 1 mile,Rarely (once a month or less),"Yes, regularly (3+ days/week)",4,4,4,2,22.28,4.33,3.62,4.18,3.11,1,1,0,0
558,32,25-34,"$50,000-$74,999",Less than 1 mile,1-2 times per month,"Yes, occasionally (1-2 days/week)",2,2,5,2,19.67,4.38,3.22,3.49,2.93,1,1,0,0
559,47,45-54,"$50,000-$74,999",Less than 1 mile,Rarely (once a month or less),Rarely,5,3,3,2,22.05,4.9,4.12,4.23,2.52,1,1,1,1
560,27,25-34,"$100,000-$149,999",More than 10 miles,1-2 times per month,Rarely,4,5,4,4,26.75,4.59,3.28,3.61,3.36,1,1,0,1
561,32,25-34,"$50,000-$74,999",3-5 miles,1-2 times per month,"No, never",4,5,5,5,21.38,4.88,4.09,3.49,3.1,1,1,1,1
562,42,35-44,"$25,000-$49,999",More than 10 miles,2-3 times per week,"No, never",1,2,5,4,15.52,4.86,3.11,4.12,3.06,1,0,0,0
563,62,55-64,"$150,000+",1-3 miles,2-3 times per week,"Yes, regularly (3+ days/week)",4,5,3,1,27.48,4.41,2.65,3.12,2.77,0,1,0,1
564,27,25-34,"$100,000-$149,999",1-3 miles,2-3 times per week,"No, never",1,4,3,1,12.87,4.29,4.37,3.07,3.15,0,0,0,1
565,57,55-64,"$150,000+",3-5 miles,1-2 times per month,Rarely,5,4,2,2,33.7,4.34,3.29,3.67,3.98,1,1,1,0
566,27,25-34,"$150,000+",1-3 miles,Daily,"Yes, occasionally (1-2 days/week)",5,5,4,3,22.69,4.97,4.09,3.67,2.95,1,0,0,0
567,42,35-44,"$50,000-$74,999",Less than 1 mile,1-2 times per month,"No, never",5,2,4,2,27.17,4.66,3.06,4.34,3.4,0,1,1,1
568,52,45-54,"$50,000-$74,999",3-5 miles,Rarely (once a month or less),"Yes, regularly (3+ days/week)",3,2,3,3,17.24,3.66,3.79,3.19,3.66,0,0,1,1
569,57,55-64,"$100,000-$149,999",1-3 miles,2-3 times per week,"No, never",5,2,5,4,20.99,4.67,4.25,3.18,3.62,0,1,1,1
570,22,18-24,"$75,000-$99,999",3-5 miles,1-2 times per month,Rarely,4,1,3,1,25.53,3.76,2.58,3.22,2.99,0,0,1,1
571,47,45-54,"$50,000-$74,999",3-5 miles,1-2 times per month,Rarely,2,5,5,3,27.89,4.17,4.16,3.04,3.42,1,1,0,0
572,22,18-24,"$100,000-$149,999",Less than 1 mile,2-3 times per week,"No, never",1,2,5,4,23.17,3.82,3.64,3.11,3.81,1,1,0,0
573,27,25-34,"$50,000-$74,999",Less than 1 mile,Daily,"No, never",3,4,3,1,17.89,4.53,3.71,3.99,2.52,1,1,0,1
574,22,18-24,"$50,000-$74,999",5-10 miles,2-3 times per week,"Yes, occasionally (1-2 days/week)",5,3,1,3,20.14,4.82,3.55,3.65,3.15,1,1,1,0
575,42,35-44,"$75,000-$99,999",1-3 miles,2-3 times per week,"Yes, regularly (3+ days/week)",5,3,4,2,30.49,3.94,4.25,4.15,2.84,1,0,1,1
576,62,55-64,"$75,000-$99,999",Less than 1 mile,Daily,"No, never",2,2,5,2,19.66,3.62,2.59,4.49,3.08,0,1,0,1
577,47,45-54,"$75,000-$99,999",More than 10 miles,1-2 times per month,"Yes, occasionally (1-2 days/week)",2,3,5,2,15.06,3.95,3.02,3.99,3.12,0,1,0,1
578,22,18-24,"$25,000-$49,999",Less than 1 mile,1-2 times per month,"Yes, occasionally (1-2 days/week)",3,3,1,4,27.43,4.51,4.25,3.08,3.62,1,1,1,1
579,22,18-24,"$100,000-$149,999",3-5 miles,1-2 times per month,"Yes, regularly (3+ days/week)",1,1,2,2,23.74,3.99,4.0,3.16,2.64,0,1,0,0
580,27,25-34,"$50,000-$74,999",More than 10 miles,2-3 times per week,Rarely,5,4,1,5,32.26,3.92,2.54,4.32,3.27,1,1,1,1
581,62,55-64,"$25,000-$49,999",1-3 miles,2-3 times per week,Rarely,3,4,1,1,28.15,3.78,3.53,3.79,3.35,0,1,0,1
582,32,25-34,"$100,000-$149,999",Less than 1 mile,Daily,Rarely,4,1,5,4,28.78,4.25,3.56,4.24,3.24,0,1,1,1
583,22,18-24,"$150,000+",Less than 1 mile,2-3 times per week,"Yes, occasionally (1-2 days/week)",4,1,4,2,21.79,3.91,3.3,4.28,3.6,0,1,0,1
584,42,35-44,"$100,000-$149,999",1-3 miles,2-3 times per week,"Yes, regularly (3+ days/week)",3,3,1,1,16.07,4.6,3.09,4.39,3.08,1,1,0,0
585,52,45-54,"$100,000-$149,999",Less than 1 mile,1-2 times per month,"No, never",5,5,2,3,26.03,3.61,3.86,4.42,3.92,0,1,0,1
586,47,45-54,"$75,000-$99,999",3-5 miles,2-3 times per week,Rarely,3,3,3,2,22.47,4.5,2.92,3.83,3.22,1,0,0,1
587,22,18-24,"$75,000-$99,999",Less than 1 mile,Daily,"Yes, regularly (3+ days/week)",5,1,1,1,24.37,3.86,4.1,3.51,3.36,0,0,0,0
588,42,35-44,"$25,000-$49,999",3-5 miles,2-3 times per week,"Yes, regularly (3+ days/week)",2,4,1,5,18.95,4.23,4.11,4.44,3.74,1,0,0,1
589,42,35-44,"$75,000-$99,999",More than 10 miles,Rarely (once a month or less),"Yes, regularly (3+ days/week)",3,3,2,3,20.97,3.93,3.33,3.82,2.91,1,0,1,1
590,47,45-54,"$50,000-$74,999",5-10 miles,2-3 times per week,"Yes, regularly (3+ days/week)",5,5,4,5,26.04,4.58,3.07,3.1,2.61,1,1,0,1
591,32,25-34,"$50,000-$74,999",3-5 miles,Rarely (once a month or less),Rarely,3,3,1,1,14.53,4.92,3.07,3.96,3.56,1,1,1,0
592,42,35-44,"$100,000-$149,999",1-3 miles,1-2 times per month,"Yes, occasionally (1-2 days/week)",3,2,1,5,18.41,4.88,3.46,3.88,3.22,0,0,0,1
593,52,45-54,"$75,000-$99,999",3-5 miles,Rarely (once a month or less),"Yes, occasionally (1-2 days/week)",5,3,4,1,25.27,4.38,3.94,4.34,3.84,0,1,1,1
594,42,35-44,"$25,000-$49,999",3-5 miles,2-3 times per week,"No, never",5,1,2,1,28.33,4.19,3.22,3.98,3.97,1,1,1,1
595,42,35-44,"$50,000-$74,999",1-3 miles,2-3 times per week,"Yes, occasionally (1-2 days/week)",1,4,1,5,14.11,4.73,3.72,3.52,3.1,0,1,0,0
596,42,35-44,"$75,000-$99,999",Less than 1 mile,1-2 times per month,"Yes, occasionally (1-2 days/week)",3,4,4,1,22.7,4.52,3.26,4.45,3.12,0,1,0,0
597,32,25-34,"$25,000-$49,999",5-10 miles,1-2 times per month,"No, never",4,1,1,2,26.72,3.78,3.11,4.2,3.11,1,1,0,1
598,22,18-24,"$100,000-$149,999",1-3 miles,2-3 times per week,"Yes, regularly (3+ days/week)",3,2,3,1,21.17,4.73,2.55,3.95,2.99,1,1,0,1
599,42,35-44,"$75,000-$99,999",Less than 1 mile,1-2 times per month,"Yes, occasionally (1-2 days/week)",3,1,5,4,14.91,4.14,2.51,3.44,3.67,1,0,1,0
600,62,55-64,"$75,000-$99,999",1-3 miles,1-2 times per month,"Yes, regularly (3+ days/week)",5,3,3,1,24.24,3.78,2.95,3.56,3.64,1,0,1,0
